id_experiencia,nombre,categoria,isla
1,Ascenso al Teide,naturaleza,Tenerife
2,Observación de cetáceos,mar,Tenerife
3,Ruta por Anaga,naturaleza,Tenerife
4,Snorkel en El Médano,mar,Tenerife
5,Catamarán al atardecer,mar,Gran Canaria
6,Cata de vinos volcánicos,gastronomia,Lanzarote
7,Taller de cocina canaria,gastronomia,Gran Canaria
8,Surf en Las Américas,mar,Gran Canaria
9,Dunas de Maspalomas,naturaleza,Gran Canaria
10,Cueva de los Verdes,cultura,Lanzarote
11,Parque Timanfaya,naturaleza,Lanzarote
12,Senderismo en La Caldera,naturaleza,La Palma
13,Astronomía en el Roque,cultura,La Palma
14,Mercado de Vegueta,gastronomia,Gran Canaria
15,Ruta del queso majorero,gastronomia,Fuerteventura
16,Buceo en El Hierro,mar,El Hierro
17,Kayak en La Graciosa,mar,Lanzarote
18,Spa y termas,bienestar,Tenerife
19,Parque acuático,familia,Tenerife
20,Zoo y jardines,familia,Gran Canaria
21,Ruta en bici por Fuerteventura,aventura,Fuerteventura
22,Visita a Garachico,cultura,Tenerife
23,Mirador de Abrante,naturaleza,La Gomera
24,Parapente,aventura,Tenerife
25,Paseo a caballo,aventura,La Gomera
