id_huesped,edad,gasto_medio_dia,noches_medias,reservas_anio,antelacion_media,pct_gasto_actividades,viaja_con_ninos
1,26,92.25,3.9,4,24,40.2,0
2,41,92.81,5.3,2,115,17.6,1
3,60,200.24,6.4,1,126,39.0,0
4,38,74.47,5.5,0,58,86.7,0
5,54,266.46,6.9,1,116,11.7,0
6,46,75.29,6.3,2,92,22.8,1
7,38,101.32,6.3,2,105,5.9,1
8,49,95.7,4.7,0,92,27.7,1
9,34,123.26,4.8,5,45,47.7,0
10,42,119.87,6.8,0,104,27.9,1
11,28,89.69,6.0,3,65,58.1,0
12,36,106.17,2.2,4,39,39.6,0
13,58,230.64,9.6,3,96,18.6,0
14,33,94.63,10.2,3,111,20.2,1
15,33,58.91,6.4,4,60,79.0,0
16,35,106.96,7.5,0,140,23.3,1
17,40,101.38,7.8,0,84,30.3,1
18,47,113.87,4.4,0,102,11.3,1
19,40,99.37,5.6,1,126,25.0,1
20,53,194.57,5.7,0,74,12.8,0
21,45,110.92,5.2,1,36,50.5,0
22,38,69.22,6.9,1,35,85.8,0
23,66,239.33,9.7,1,77,34.9,0
24,35,64.92,7.5,4,82,86.4,0
25,60,218.23,9.2,0,54,19.8,0
26,36,132.59,1.0,4,0,48.2,0
27,21,98.25,6.3,2,56,73.1,0
28,36,102.93,8.3,2,115,14.5,1
29,52,250.65,8.1,4,72,19.4,0
30,64,204.15,9.3,2,48,3.2,0
31,50,110.67,4.5,2,1,44.6,0
32,62,243.26,8.1,1,98,12.1,0
33,40,81.07,6.7,1,90,30.1,1
34,49,82.47,9.0,4,113,29.8,1
35,29,83.07,4.8,3,87,63.5,0
36,56,200.01,7.1,1,75,23.7,0
37,57,218.2,9.5,5,101,18.2,0
38,64,172.3,7.8,3,100,26.1,0
39,37,66.05,5.9,5,59,87.3,0
40,59,187.82,8.9,3,95,33.4,0
41,35,82.06,8.3,3,112,30.9,1
42,34,76.68,11.0,1,69,82.4,0
43,24,62.89,6.0,1,49,81.3,0
44,36,80.16,8.5,2,107,27.1,1
45,32,107.25,1.0,4,0,37.2,0
46,35,89.2,7.9,0,134,35.4,1
47,31,153.78,2.3,5,13,53.5,0
48,68,178.43,9.6,1,73,28.2,0
49,35,91.65,5.1,0,95,30.4,1
50,29,79.82,8.9,4,47,99.5,0
51,32,69.32,5.8,0,78,13.7,1
52,52,205.55,9.7,0,129,6.4,0
53,39,99.03,6.8,2,93,46.9,1
54,30,78.19,5.5,1,98,76.3,0
55,58,207.28,9.0,1,84,41.7,0
56,29,66.95,4.5,3,62,61.8,0
57,53,210.29,7.7,0,89,9.7,0
58,38,60.47,4.4,5,77,78.9,0
59,61,173.99,6.3,3,83,30.9,0
60,32,149.57,2.8,5,15,41.5,0
61,56,198.1,9.3,2,91,23.3,0
62,32,95.93,1.7,3,26,58.8,0
63,57,238.58,6.9,1,108,12.2,0
64,25,54.16,5.9,0,40,91.2,0
65,33,56.58,2.7,2,45,81.5,0
66,63,180.89,7.0,2,139,24.6,0
67,56,265.2,9.8,0,50,20.5,0
68,43,96.79,7.8,1,87,0.0,1
69,54,257.62,6.5,0,96,6.8,0
70,37,71.2,6.8,1,75,85.7,0
71,33,119.13,3.9,2,14,32.2,0
72,44,84.39,6.9,2,118,9.1,1
73,31,70.34,6.4,1,80,66.9,0
74,29,140.09,5.8,6,10,37.9,0
75,18,77.82,6.5,3,50,84.8,0
76,36,86.15,6.6,1,115,23.2,1
77,35,87.5,5.9,2,91,34.9,1
78,53,234.55,9.0,3,55,21.7,0
79,56,194.38,10.6,0,69,10.2,0
80,40,91.07,8.1,1,159,13.0,1
81,38,70.37,10.0,0,116,29.2,1
82,39,60.28,3.9,2,77,62.6,0
83,28,133.16,3.3,3,55,29.1,0
84,63,232.18,8.5,3,105,13.6,0
85,45,98.99,8.7,1,105,44.6,1
86,52,241.35,9.9,1,107,4.0,0
87,47,92.16,1.6,2,3,44.8,0
88,37,67.4,4.7,2,90,66.4,0
89,37,107.76,2.9,4,20,47.1,0
90,38,117.93,2.6,3,6,55.0,0
91,41,134.44,5.0,2,121,16.2,1
92,33,78.12,4.6,2,44,73.5,0
93,38,66.05,9.1,2,146,28.2,0
94,36,71.1,6.5,6,77,73.7,0
95,63,257.0,7.4,1,89,13.4,0
96,55,283.95,7.9,1,82,21.3,0
97,32,108.01,8.5,2,90,22.7,1
98,42,133.3,3.7,6,20,42.3,0
99,42,83.29,6.0,2,136,36.8,1
100,30,99.56,2.4,4,10,46.7,1
101,38,69.94,9.6,2,56,71.6,0
102,42,98.39,7.4,3,70,9.2,0
103,32,122.93,7.4,0,133,22.7,1
104,47,127.51,4.2,2,103,37.9,1
105,34,113.36,7.2,5,122,34.9,1
106,24,108.12,1.0,3,0,49.5,0
107,25,63.95,6.1,3,56,63.5,0
108,40,83.82,6.6,3,81,29.3,1
109,30,100.02,7.3,3,111,30.3,1
110,43,61.14,5.1,3,55,66.5,0
111,31,50.97,6.6,2,57,72.8,0
112,42,79.21,8.3,2,131,9.1,1
113,40,89.25,9.7,2,77,33.8,1
114,59,245.23,5.9,2,94,13.2,0
115,36,110.02,7.6,1,113,14.7,1
116,55,202.52,9.6,1,112,28.8,0
117,42,92.62,3.6,6,30,37.6,0
118,33,89.49,4.6,1,4,55.2,0
119,42,116.68,4.1,0,112,39.4,1
120,56,205.44,8.7,1,99,12.7,0
121,69,231.49,7.0,2,92,13.7,0
122,48,93.17,7.2,1,113,27.3,1
123,44,89.27,7.2,2,90,24.6,1
124,34,78.43,8.5,1,40,61.2,0
125,31,67.84,6.6,4,52,86.2,0
126,59,230.29,6.9,1,85,35.2,0
127,74,136.63,8.6,2,91,25.2,0
128,44,224.86,7.6,2,93,24.8,0
129,40,143.22,9.7,1,130,18.9,1
130,35,119.15,2.2,3,19,49.4,0
131,41,117.52,4.0,5,35,39.6,0
132,32,75.59,8.3,1,158,12.9,1
133,31,128.95,2.7,3,0,29.8,0
134,60,167.91,7.1,2,99,20.2,0
135,29,81.79,4.9,0,101,23.3,1
136,60,186.57,8.8,1,95,17.0,0
137,70,153.94,7.7,1,62,9.5,0
138,23,74.5,7.2,3,45,75.0,0
139,29,62.75,8.7,1,124,41.4,1
140,45,107.04,7.6,2,104,27.3,1
141,33,87.53,3.3,1,2,19.7,0
142,48,102.15,3.1,3,41,42.2,0
143,27,71.59,5.2,3,48,78.6,0
144,53,177.02,6.2,1,114,42.6,0
145,64,282.58,8.2,0,112,14.4,0
146,49,96.38,7.2,1,117,12.8,1
147,48,107.06,7.4,1,121,21.9,1
148,55,98.7,5.0,1,127,35.4,1
149,39,141.4,3.3,5,0,54.6,0
150,29,63.62,6.0,1,58,66.5,0
151,26,75.36,5.6,0,89,69.2,0
152,56,230.57,9.0,2,70,11.3,0
153,26,89.19,5.0,1,28,89.0,0
154,26,80.4,6.8,2,68,67.6,0
155,29,90.67,5.9,3,29,65.5,0
156,43,168.93,9.1,0,92,43.6,0
157,32,85.53,8.4,1,43,53.2,0
158,32,89.24,4.7,2,78,88.0,0
159,47,258.99,8.2,1,100,26.7,0
160,34,92.62,8.8,3,60,83.9,0
161,18,83.24,4.6,1,92,78.8,0
162,54,258.22,7.0,2,73,20.9,0
163,30,82.1,8.7,1,29,82.1,0
164,55,202.96,10.1,2,91,10.6,0
165,40,95.1,1.0,4,32,32.2,0
166,43,126.73,3.7,4,8,38.4,0
167,48,93.52,4.5,1,117,23.7,1
168,58,184.86,8.9,2,82,23.6,0
169,39,63.43,7.9,3,27,76.5,0
170,27,65.91,6.8,2,52,80.8,0
171,38,96.09,9.0,0,118,23.9,1
172,31,118.82,2.3,2,17,51.9,0
173,53,232.55,10.6,1,107,14.8,0
174,32,112.65,3.2,4,11,37.1,0
175,33,134.25,7.8,3,132,13.8,1
176,19,87.32,5.0,2,44,72.6,0
177,39,67.42,5.6,2,84,73.9,0
178,33,75.38,5.5,3,74,83.2,0
179,63,191.6,8.7,1,74,37.8,0
180,59,229.13,6.9,2,92,18.9,0
181,29,183.34,3.8,8,38,35.4,0
182,49,95.81,9.2,0,84,0.7,1
183,46,85.56,4.4,1,97,22.1,1
184,34,100.32,7.9,1,125,25.1,1
185,40,135.2,3.1,1,17,35.2,0
186,22,149.74,1.7,1,57,29.9,0
187,63,181.32,7.8,2,61,0.0,0
188,36,83.68,8.0,0,70,16.4,1
189,63,225.94,9.4,3,123,15.0,0
190,52,185.36,8.1,1,108,17.6,0
191,64,338.71,9.5,0,67,12.3,0
192,31,38.86,6.6,4,40,76.9,0
193,61,197.78,7.3,1,101,12.5,0
194,37,110.77,1.6,6,33,48.4,0
195,38,101.26,1.0,3,51,33.1,0
196,39,134.64,3.4,5,0,29.9,0
197,46,92.39,8.6,3,113,39.0,1
198,43,207.35,8.4,1,91,14.0,0
199,39,117.28,5.9,2,93,24.6,1
200,38,103.09,9.2,0,141,29.2,1
201,27,70.68,6.0,2,45,86.2,1
202,56,183.24,8.6,1,99,6.8,0
203,47,146.38,2.6,7,38,27.9,0
204,32,57.46,6.8,3,35,72.6,0
205,26,147.99,4.3,2,27,58.7,0
206,26,62.85,4.8,5,69,70.9,0
207,47,136.79,7.2,2,133,42.1,1
208,50,222.04,8.8,3,85,20.5,0
209,30,72.66,5.3,3,62,70.9,0
210,37,93.62,7.9,2,103,40.8,1
211,43,96.12,7.9,4,117,22.4,1
212,28,82.13,6.1,5,72,75.5,1
213,57,191.03,8.4,1,97,18.9,0
214,33,108.64,2.0,2,21,27.6,0
215,30,95.29,4.3,8,37,32.4,0
216,65,233.99,10.6,3,70,6.2,0
217,59,172.97,8.2,4,92,29.1,0
218,42,79.08,7.3,1,132,29.5,1
219,67,267.98,6.7,2,121,10.1,0
220,43,59.03,8.8,2,109,39.8,1
221,29,43.6,3.0,2,53,79.9,0
222,36,113.32,1.7,8,0,41.5,0
223,55,213.59,9.1,2,88,28.1,0
224,36,114.06,6.7,2,119,34.9,1
225,68,225.25,10.1,2,90,15.1,0
226,24,70.31,6.0,0,50,70.5,0
227,65,244.46,6.1,1,94,19.4,0
228,32,51.38,5.1,4,48,69.8,0
229,50,163.18,9.5,2,77,16.4,0
230,28,70.41,9.0,4,26,73.0,0
231,36,136.04,8.4,1,73,19.9,1
232,41,88.0,7.1,2,77,28.5,1
233,46,93.24,8.3,1,141,21.2,1
234,29,109.03,1.0,1,42,30.2,0
235,24,56.61,7.2,2,71,66.4,0
236,50,141.04,7.0,2,109,6.0,0
237,38,77.45,4.8,2,61,75.3,0
238,58,220.37,7.7,3,110,20.1,0
239,37,108.66,3.0,2,0,64.9,0
240,36,120.62,3.0,5,50,43.6,0
241,50,229.38,6.9,0,102,30.1,0
242,39,61.89,8.2,0,65,63.4,0
243,22,59.63,5.4,1,86,72.5,0
244,28,67.22,7.3,1,116,13.6,1
245,39,106.73,2.2,0,0,38.7,0
246,51,253.45,6.0,5,99,15.1,0
247,63,174.54,7.0,0,96,18.8,0
248,45,88.62,7.3,2,113,18.2,0
249,42,104.57,9.7,2,112,29.9,1
250,33,73.31,5.6,0,75,70.3,0
251,46,103.27,3.0,1,92,9.0,1
252,54,233.23,9.7,2,102,9.1,0
253,36,107.9,9.9,1,136,35.5,1
254,21,70.56,6.0,0,57,70.7,0
255,54,215.16,6.4,1,72,45.0,0
256,24,92.66,7.6,3,79,77.2,1
257,50,208.17,6.6,0,52,20.1,0
258,36,106.2,7.8,3,127,33.1,1
259,45,60.29,5.9,3,52,83.9,0
260,39,139.02,3.6,4,15,36.8,0
261,27,144.36,4.0,7,49,62.3,0
262,67,217.92,10.7,0,77,29.1,0
263,18,74.7,7.2,3,60,63.5,0
264,56,187.83,7.0,2,105,0.0,0
265,22,62.9,5.8,4,58,68.6,0
266,34,99.06,6.4,1,107,30.0,1
267,32,154.96,3.5,2,23,50.0,0
268,44,85.43,8.1,1,92,21.9,1
269,36,93.29,5.9,1,82,74.2,0
270,24,138.03,1.0,3,11,34.9,0
271,54,214.5,10.0,3,113,20.7,0
272,30,102.73,3.8,1,13,49.2,0
273,38,157.26,3.5,4,0,29.7,0
274,34,76.01,6.1,2,52,69.0,1
275,21,77.11,8.0,3,30,80.5,0
276,52,264.26,7.8,5,103,0.4,0
277,52,207.13,9.4,2,88,24.3,0
278,45,72.02,8.4,2,142,23.1,1
279,26,85.02,5.7,2,82,85.1,0
280,36,67.16,8.6,0,120,2.3,1
281,37,75.82,6.4,0,111,0.0,1
282,36,88.31,8.5,1,101,16.8,0
283,41,108.54,7.6,1,151,38.8,1
284,52,88.19,8.8,3,71,28.4,1
285,46,270.52,9.3,1,122,3.0,0
286,36,77.22,8.0,0,134,4.3,0
287,43,118.18,9.3,0,134,29.6,1
288,27,111.55,6.6,3,117,21.0,1
289,37,111.13,2.2,2,28,42.6,0
290,31,58.62,7.7,4,59,67.9,0
291,57,188.5,5.5,3,94,10.6,0
292,32,79.26,8.0,0,62,39.4,1
293,52,121.39,7.1,0,110,10.5,1
294,58,195.25,8.4,2,102,25.2,0
295,39,80.55,6.3,1,112,32.1,0
296,42,131.21,4.3,4,37,45.4,1
297,47,179.22,7.5,0,126,41.1,0
298,36,63.34,9.8,1,116,22.7,1
299,45,215.18,8.3,1,88,25.4,1
300,28,62.41,6.4,1,31,91.7,0
301,29,84.98,3.3,1,65,92.7,0
302,55,275.69,9.7,2,26,25.2,0
303,39,100.99,7.0,4,91,27.6,0
304,33,66.94,5.0,0,63,83.9,0
305,31,140.52,1.0,4,3,20.6,0
306,39,98.53,5.3,0,180,33.7,1
307,49,144.46,9.4,0,85,12.8,0
308,32,66.31,7.3,3,76,89.9,0
309,33,98.95,2.5,4,40,44.3,0
310,51,93.49,9.1,0,130,26.8,1
311,37,64.99,6.2,0,88,30.0,1
312,44,129.62,6.9,1,118,24.7,1
313,31,66.84,4.1,2,52,81.7,0
314,33,96.9,7.7,0,129,16.5,1
315,33,62.73,7.0,5,66,76.1,0
316,32,83.34,6.8,1,57,49.7,0
317,47,90.29,7.1,1,112,28.3,1
318,62,175.62,9.0,0,83,24.3,0
319,39,63.45,8.3,3,103,32.7,0
320,51,117.57,6.5,0,104,12.5,1
321,43,74.58,7.3,0,115,33.0,1
322,46,118.37,7.6,1,97,12.8,0
323,28,127.35,6.6,3,107,23.7,0
324,29,88.09,5.1,3,112,27.6,1
325,30,79.34,7.7,1,102,26.8,1
326,40,122.35,7.5,3,145,26.3,1
327,57,183.47,7.0,1,75,14.3,0
328,45,101.82,7.9,1,98,40.7,1
329,41,45.43,8.4,2,98,41.2,1
330,31,72.52,7.7,0,135,34.3,1
331,54,227.26,8.4,3,103,10.6,0
332,50,117.17,7.1,1,104,37.0,0
333,36,62.26,4.5,3,55,82.3,0
334,31,116.7,8.6,1,117,17.1,1
335,39,117.5,6.0,2,98,48.8,1
336,26,125.54,3.6,8,31,37.4,0
337,37,145.93,1.6,2,0,60.2,0
338,63,169.56,6.3,1,108,17.2,0
339,34,74.14,8.5,2,65,69.1,0
340,34,127.12,7.3,1,97,17.0,1
341,38,67.97,6.1,1,109,22.9,1
342,40,106.36,5.0,2,112,35.3,1
343,52,101.38,6.9,2,105,32.0,1
344,43,81.9,8.8,0,97,43.6,1
345,58,152.15,8.9,1,148,33.1,0
346,30,51.81,5.6,0,45,86.5,0
347,58,166.1,7.4,1,67,14.4,0
348,36,82.92,6.7,0,107,18.8,1
349,34,90.03,7.8,1,103,32.8,1
350,26,72.86,5.4,1,51,58.2,0
351,39,114.48,6.5,1,72,24.5,1
352,53,214.49,6.1,1,76,25.6,0
353,39,113.16,5.0,5,27,55.2,0
354,41,63.78,5.3,0,98,18.1,1
355,46,91.15,8.0,1,128,33.5,1
356,37,67.07,8.5,4,99,24.4,1
357,26,94.46,8.2,0,105,34.6,1
358,54,200.85,9.2,0,82,28.9,0
359,62,234.7,9.0,3,103,27.8,0
360,58,175.3,7.6,0,58,30.8,0
361,18,60.98,7.0,2,61,80.5,0
362,32,103.73,2.7,2,10,37.7,0
363,31,113.85,2.3,8,66,30.3,0
364,39,80.67,4.9,1,126,31.0,1
365,37,117.24,5.4,1,110,31.7,1
366,28,60.48,4.6,0,64,74.1,0
367,25,88.19,6.8,2,60,73.5,0
368,26,52.82,7.7,2,77,79.7,0
369,35,72.57,7.3,1,57,67.3,0
370,42,67.19,7.6,1,94,3.1,1
371,56,239.93,7.5,0,55,24.4,0
372,32,99.65,7.4,0,117,21.8,1
373,24,80.98,5.9,1,52,86.9,0
374,37,126.05,7.1,0,120,32.6,1
375,37,149.77,1.3,2,27,41.3,0
376,31,103.39,6.8,1,95,22.0,1
377,42,106.22,7.7,1,136,15.6,1
378,49,92.78,8.2,0,105,33.8,1
379,30,81.48,7.3,4,69,68.1,0
380,27,84.44,2.2,2,0,19.8,1
381,47,108.25,6.6,0,120,27.4,1
382,57,147.0,7.2,1,65,27.7,0
383,45,85.92,8.2,0,80,6.3,0
384,35,83.96,5.3,2,56,83.2,0
385,45,88.89,6.5,0,76,32.9,1
386,28,67.11,6.5,2,49,80.6,0
387,52,192.93,9.7,3,97,24.3,0
388,70,225.74,9.8,0,124,11.2,0
389,36,70.85,7.4,0,141,28.9,1
390,34,72.17,6.4,3,50,82.3,1
391,36,121.51,6.3,1,86,21.5,0
392,37,65.75,4.0,2,28,96.8,0
393,41,72.97,8.4,2,36,64.5,0
394,46,101.09,8.0,1,101,27.4,1
395,53,221.16,6.8,3,123,20.8,0
396,33,116.72,2.5,7,5,62.3,0
397,50,71.09,6.2,2,103,26.4,0
398,38,65.01,5.5,2,90,76.5,0
399,39,95.14,2.8,5,0,45.4,0
400,59,241.34,7.4,3,116,18.7,0
401,67,212.62,8.5,1,86,39.3,0
402,61,169.84,8.4,3,83,12.2,0
403,43,123.68,9.5,0,115,33.5,1
404,63,153.03,5.7,0,96,19.4,0
405,44,84.45,6.7,2,106,29.7,1
406,64,290.72,6.2,0,105,31.4,0
407,38,52.01,5.5,2,72,82.7,0
408,38,83.2,3.3,5,29,40.2,0
409,43,198.94,10.0,3,102,13.0,0
410,41,87.28,7.3,2,110,38.1,0
411,38,66.03,8.9,0,112,33.5,1
412,28,161.11,2.4,4,0,41.1,0
413,38,122.34,5.8,0,89,22.2,1
414,37,72.39,6.9,5,105,82.8,0
415,33,67.14,7.6,2,99,17.8,1
416,39,79.63,5.7,3,101,33.3,1
417,53,314.42,9.3,2,63,15.1,0
418,32,107.33,10.0,3,112,28.1,1
419,32,103.68,7.9,0,125,11.0,1
420,44,76.09,9.9,0,124,37.4,0
421,21,79.75,4.2,3,69,67.1,0
422,40,85.15,5.5,3,50,87.6,0
423,40,89.29,7.2,1,121,46.8,1
424,43,79.41,7.1,2,112,12.3,1
425,44,103.15,8.2,3,72,23.0,1
426,32,67.32,7.4,1,113,40.2,1
427,64,182.0,8.6,1,74,11.3,0
428,30,91.5,5.6,0,78,78.6,0
429,29,82.0,5.9,1,41,69.3,0
430,44,104.15,7.8,1,114,18.2,1
431,42,109.2,5.3,0,152,21.9,1
432,57,165.35,9.4,0,85,13.9,0
433,28,142.82,1.0,4,9,33.5,0
434,56,283.19,8.4,2,98,11.0,0
435,45,133.54,8.5,2,96,31.6,1
436,36,96.82,7.6,0,101,18.4,1
437,46,99.77,5.3,3,125,28.4,0
438,39,85.42,8.2,1,117,33.0,1
439,38,142.02,5.1,3,57,39.2,0
440,35,146.41,2.2,7,0,46.3,0
441,23,82.31,7.0,0,48,79.3,0
442,56,198.33,8.6,2,127,27.3,0
443,32,108.36,1.6,2,0,17.1,0
444,30,168.37,1.0,6,12,54.0,0
445,52,232.62,8.8,1,77,14.0,0
446,18,85.9,6.0,1,68,81.3,0
447,55,199.26,6.7,0,77,28.6,0
448,40,71.82,9.3,2,118,25.6,1
449,23,77.27,5.1,3,65,83.6,0
450,25,138.97,2.7,7,31,33.0,0
451,33,51.31,4.9,2,62,74.3,0
452,59,165.44,9.1,2,90,11.8,0
453,48,92.3,7.1,0,113,34.1,1
454,63,237.39,7.4,2,142,10.5,1
455,35,91.84,7.6,4,134,15.7,0
456,41,89.48,6.7,2,97,37.3,1
457,34,87.35,4.2,3,25,44.3,1
458,62,165.21,8.7,0,54,43.4,0
459,35,94.64,9.3,0,124,32.1,1
460,35,93.97,9.7,1,93,20.0,1
461,65,194.62,5.7,2,65,12.4,0
462,22,63.7,5.3,1,43,80.8,0
463,58,206.86,6.0,0,107,15.4,0
464,30,51.23,6.3,1,54,64.5,0
465,20,86.78,7.5,1,68,75.7,0
466,37,118.37,8.5,1,101,25.5,1
467,24,61.56,7.2,4,37,75.1,0
468,38,79.46,8.6,2,137,21.9,1
469,29,106.19,1.2,7,7,48.4,0
470,47,98.23,8.6,2,151,31.2,1
471,33,93.38,1.0,1,8,69.6,0
472,47,96.5,6.2,0,95,20.2,1
473,46,96.58,10.0,0,139,21.4,1
474,47,224.85,7.6,0,74,29.5,0
475,62,246.15,6.8,2,102,12.0,0
476,38,92.63,6.2,1,96,30.5,0
477,39,99.4,2.0,1,40,28.5,0
478,63,284.04,6.6,2,103,23.6,0
479,43,138.75,1.0,10,28,33.1,0
480,63,204.21,7.3,1,73,27.4,0
481,56,219.33,7.5,3,78,21.0,0
482,31,80.13,1.9,3,34,30.9,0
483,36,97.62,4.1,3,31,52.9,0
484,36,111.99,1.0,4,21,43.3,0
485,35,118.57,4.0,7,10,34.9,0
486,56,210.84,7.0,3,102,18.9,0
487,33,74.22,5.0,3,34,94.3,0
488,55,189.71,7.0,0,105,21.3,0
489,31,34.58,6.4,2,64,65.5,0
490,58,201.18,9.9,1,110,10.0,0
491,48,99.58,7.7,1,110,32.8,1
492,26,56.74,6.0,3,33,77.6,0
493,37,90.8,8.3,1,120,42.2,0
494,52,250.69,8.6,2,112,35.3,0
495,62,208.4,7.4,4,113,20.2,0
496,43,98.85,7.9,2,132,31.1,1
497,55,121.54,7.3,2,72,10.2,0
498,67,232.17,7.7,2,79,22.9,0
499,24,53.88,4.6,0,33,79.8,0
500,62,257.85,8.3,2,97,32.5,0
501,43,65.44,7.5,1,108,41.3,1
502,33,96.57,1.5,2,40,40.6,0
503,35,75.34,7.3,1,132,16.9,0
504,53,223.04,6.6,0,100,23.7,0
505,34,86.74,5.1,0,84,80.0,0
506,32,107.36,9.1,1,85,14.5,1
507,33,128.07,1.8,2,27,57.9,0
508,36,100.4,9.1,1,76,25.9,1
509,41,90.08,6.6,3,86,34.6,0
510,24,61.37,5.8,1,70,75.1,0
511,38,86.33,5.2,2,103,18.7,0
512,21,81.59,6.6,0,71,72.0,0
513,36,157.52,4.9,7,14,44.5,0
514,36,94.19,6.5,0,133,40.5,1
515,41,104.75,8.5,0,124,27.7,1
516,30,83.67,8.0,0,121,17.9,1
517,21,66.33,5.0,1,53,72.8,0
518,27,69.58,7.5,2,68,77.5,0
519,30,126.95,1.6,2,46,42.3,0
520,27,79.96,5.0,2,27,67.8,0
521,53,234.91,7.8,1,83,17.0,0
522,39,135.38,3.6,3,23,41.4,0
523,60,169.9,10.3,2,63,3.2,0
524,35,54.19,6.0,3,53,74.3,0
525,61,175.61,6.8,5,87,13.3,0
526,36,76.54,5.0,1,56,88.7,1
527,36,78.86,7.7,2,70,87.3,0
528,59,239.34,8.2,3,90,20.8,0
529,32,145.61,1.0,5,40,33.0,0
530,41,118.64,10.0,2,125,16.5,0
531,30,71.22,5.5,1,35,57.6,0
532,30,115.46,1.0,7,0,41.8,0
533,54,269.72,7.3,1,83,28.0,0
534,35,96.88,4.9,3,39,80.9,0
535,61,250.36,7.7,1,104,39.0,0
536,36,75.38,6.7,0,100,29.2,1
537,51,191.59,6.2,0,98,24.8,0
538,54,174.02,7.8,2,75,24.9,0
539,19,68.41,7.7,0,54,67.3,0
540,47,67.04,5.8,2,74,24.2,1
541,37,142.3,3.2,3,34,56.5,0
542,50,228.02,7.9,2,85,10.7,0
543,55,196.65,9.3,1,71,22.6,0
544,37,117.0,6.6,0,103,23.0,1
545,43,122.97,2.4,2,18,39.9,0
546,27,125.87,3.0,6,22,52.5,0
547,37,100.66,7.5,1,124,0.0,1
548,51,89.08,8.9,1,80,10.9,1
549,67,163.04,8.6,1,104,29.7,0
550,38,75.24,7.3,1,52,87.5,0
551,43,93.13,5.9,3,101,26.0,0
552,26,45.63,6.7,0,48,87.0,0
553,36,84.65,8.0,1,120,37.8,1
554,62,193.98,9.2,1,106,10.8,0
555,24,77.57,5.1,3,56,84.0,0
556,34,122.9,1.3,3,41,45.4,0
557,56,241.5,7.5,2,112,29.0,0
558,63,228.88,9.9,0,120,19.9,0
559,25,67.21,5.5,1,38,81.4,0
560,47,69.73,6.8,2,106,10.1,1
561,54,248.59,8.4,2,87,17.8,0
562,38,81.3,6.5,4,123,3.3,1
563,50,230.85,8.0,1,106,17.0,0
564,30,79.92,8.6,2,93,68.8,0
565,28,60.64,5.1,4,48,84.1,0
566,42,78.72,5.6,0,118,25.5,1
567,55,215.39,5.9,1,97,20.4,0
568,42,90.13,8.8,2,98,28.2,1
569,51,102.19,8.6,0,95,29.3,0
570,44,111.61,6.1,0,111,12.3,1
571,63,167.35,7.7,1,91,25.6,0
572,29,61.01,7.1,2,60,81.7,0
573,29,101.65,4.5,4,79,71.5,0
574,36,66.13,4.8,2,49,69.1,0
575,51,150.63,1.0,3,11,32.6,0
576,38,98.63,7.5,2,76,38.1,1
577,38,90.98,4.0,3,57,44.9,0
578,26,62.8,6.3,3,56,81.1,0
579,60,232.86,7.6,1,75,29.4,0
580,42,79.96,9.3,2,75,32.8,1
581,54,238.59,7.6,4,113,12.7,0
582,20,76.12,6.0,2,43,52.8,0
583,19,60.97,5.4,5,65,61.1,0
584,49,88.5,7.9,2,98,23.0,1
585,57,184.88,5.9,1,99,6.1,0
586,57,217.47,10.8,2,80,15.5,0
587,33,98.68,4.2,1,75,60.6,0
588,57,233.38,9.2,1,52,17.4,0
589,54,102.86,8.1,0,115,30.7,0
590,36,134.24,5.1,6,24,35.2,0
591,63,175.6,7.3,4,64,22.9,0
592,58,165.33,6.8,2,67,28.4,0
593,32,124.03,7.1,0,107,23.9,1
594,44,85.7,6.9,1,103,32.9,1
595,59,211.02,8.1,3,83,6.4,0
596,54,251.22,7.3,1,83,23.5,0
597,49,80.58,8.7,1,112,36.4,1
598,45,102.03,5.5,3,109,27.0,0
599,34,72.6,8.6,1,61,69.9,0
600,34,84.3,7.7,1,91,35.4,1
601,54,217.96,9.4,0,102,12.0,0
602,19,44.37,6.3,2,67,71.3,0
603,39,102.39,4.5,2,9,33.0,0
604,42,160.86,1.4,4,25,47.8,0
605,26,55.7,4.9,2,52,83.3,0
606,43,70.46,5.7,2,50,77.5,0
607,23,72.34,5.5,3,46,67.4,0
608,59,262.99,6.9,2,82,11.9,0
609,28,89.11,7.5,0,105,36.9,1
610,29,104.1,8.4,1,104,12.9,0
611,37,136.11,1.7,4,21,37.5,0
612,42,95.81,9.5,1,139,31.2,1
613,41,64.38,4.0,7,65,73.5,0
614,43,138.12,8.1,4,129,29.7,0
615,43,124.72,1.4,4,19,54.1,0
616,37,101.29,7.9,1,119,5.3,1
617,33,85.09,6.2,1,36,79.3,0
618,66,146.78,7.0,0,109,16.1,0
619,36,123.6,2.9,2,32,20.9,0
620,50,119.49,5.8,2,68,33.8,1
621,48,110.68,9.5,2,155,16.6,1
622,59,144.61,7.9,2,84,25.6,0
623,35,108.58,7.9,0,110,16.0,1
624,38,116.75,6.1,0,100,47.8,1
625,19,51.46,4.4,1,66,78.3,0
626,63,202.6,5.9,0,127,20.1,0
627,66,167.95,7.4,0,114,16.2,1
628,43,93.75,8.8,2,156,19.6,1
629,60,265.45,8.0,1,72,23.2,0
630,18,69.34,4.9,0,70,83.2,0
631,48,91.98,6.8,2,86,18.9,1
632,21,71.58,6.9,1,37,84.7,0
633,38,83.44,6.3,2,97,25.4,1
634,53,95.56,8.1,2,116,19.0,1
635,44,72.34,7.8,1,77,25.5,1
636,53,161.65,8.6,0,97,28.0,0
637,36,115.26,9.0,1,120,43.1,0
638,37,153.89,1.4,5,35,40.0,0
639,64,315.69,5.1,3,107,20.9,0
640,31,63.66,7.7,4,64,65.5,0
641,42,101.9,7.1,1,119,22.3,1
642,44,88.08,5.7,2,108,26.2,1
643,34,87.35,7.8,1,47,59.5,0
644,48,188.54,10.1,2,111,34.3,0
645,30,56.97,10.1,0,103,18.7,1
646,37,71.05,7.4,0,101,100.0,0
647,37,68.71,6.4,2,79,18.4,1
648,18,79.45,5.4,2,47,57.2,0
649,26,80.62,6.8,2,67,61.5,0
650,28,64.57,8.2,3,56,73.4,0
651,39,102.24,6.1,4,100,26.8,1
652,36,76.95,6.2,6,65,73.0,0
653,22,59.18,4.7,2,55,84.2,0
654,35,123.16,1.6,3,26,38.7,0
655,32,120.45,7.9,0,120,44.3,1
656,70,231.63,8.9,2,81,17.2,0
657,34,63.08,8.3,0,129,37.5,1
658,31,69.49,9.0,0,89,30.4,1
659,33,62.23,7.6,5,88,75.8,0
660,30,60.81,5.9,0,64,75.6,0
661,49,283.95,7.9,3,57,27.0,0
662,44,82.03,9.2,1,99,23.7,1
663,46,95.45,7.5,2,136,23.4,1
664,32,110.58,3.9,3,13,32.2,0
665,44,75.27,8.1,3,104,36.7,1
666,35,55.55,7.0,1,46,69.5,0
667,33,62.9,6.0,3,91,85.1,0
668,32,88.19,5.2,2,31,32.3,0
669,35,91.49,6.3,6,35,51.0,0
670,38,66.93,7.6,1,123,24.0,0
671,54,186.31,7.4,0,110,0.0,1
672,35,127.11,2.6,4,16,24.5,0
673,32,131.43,2.4,6,49,49.5,0
674,40,95.02,8.3,2,106,32.4,1
675,40,96.45,6.1,0,103,31.5,1
676,40,99.15,9.2,1,140,30.3,1
677,32,80.02,3.6,1,75,92.6,0
678,28,162.43,1.0,6,22,41.4,0
679,24,51.91,5.7,4,64,83.9,0
680,31,118.85,1.4,2,27,50.3,0
681,52,184.47,8.6,3,83,16.7,0
682,32,56.36,5.9,1,64,93.9,0
683,30,88.02,6.5,2,97,84.9,0
684,29,70.79,6.5,2,42,74.5,0
685,55,230.47,8.0,1,93,7.4,0
686,60,255.69,8.6,0,48,24.0,0
687,34,78.71,5.3,2,40,64.2,1
688,46,69.58,6.3,2,65,35.8,0
689,28,77.18,7.2,1,59,82.0,0
690,29,79.6,5.3,0,80,77.4,0
691,47,264.88,10.0,3,129,4.4,0
692,34,123.63,2.0,5,30,40.5,0
693,70,204.66,6.8,2,111,10.9,0
694,37,107.1,6.9,1,116,20.9,1
695,47,121.72,7.0,1,123,43.6,1
696,39,131.38,2.9,3,7,43.0,0
697,23,62.93,5.3,4,70,79.4,0
698,46,173.8,9.8,3,103,12.1,0
699,24,88.55,3.8,2,90,63.1,0
700,49,98.67,7.0,2,101,47.0,1
701,35,68.59,4.6,2,58,76.8,0
702,33,64.33,5.1,1,64,59.6,0
703,39,83.99,5.3,0,141,39.3,0
704,61,270.15,8.8,1,57,8.7,0
705,22,95.32,5.7,4,73,75.5,0
706,40,130.03,2.7,3,0,42.1,0
707,38,104.27,2.6,5,37,35.2,0
708,33,65.84,6.8,4,60,84.1,0
709,75,195.39,9.7,4,97,3.3,0
710,74,182.44,11.5,3,89,11.7,0
711,24,67.05,4.5,2,83,70.4,0
712,36,75.45,2.9,6,37,42.9,0
713,41,101.84,8.9,1,118,47.4,1
714,31,47.19,4.2,4,67,61.1,0
715,43,64.25,5.4,0,66,74.1,0
716,34,114.6,6.8,2,107,39.9,0
717,41,112.9,7.9,0,114,5.5,1
718,65,237.1,6.2,2,62,27.2,0
719,54,206.46,7.4,1,68,24.5,0
720,51,116.59,7.7,0,89,19.8,1
721,42,106.63,6.6,4,102,11.1,1
722,41,99.4,7.9,5,104,28.9,1
723,45,65.14,10.5,2,106,28.3,1
724,56,236.82,7.6,1,103,20.9,0
725,35,36.54,7.1,2,36,72.7,1
726,40,78.18,5.9,5,21,61.6,0
727,20,152.61,3.3,3,5,34.8,0
728,47,69.54,6.9,1,128,34.9,1
729,18,80.52,6.1,10,36,79.7,0
730,30,98.98,5.7,1,98,27.1,1
731,46,96.88,6.0,3,107,18.2,1
732,59,233.43,9.8,4,44,18.8,0
733,59,155.59,8.6,4,99,12.9,0
734,24,63.11,5.5,1,41,75.0,0
735,32,124.83,1.0,3,30,32.7,0
736,39,98.81,8.5,3,67,34.0,0
737,19,49.55,7.8,2,70,71.0,0
738,44,105.97,9.2,2,122,18.9,1
739,56,254.31,7.4,3,59,36.2,0
740,38,132.19,1.1,3,0,36.1,0
741,18,62.54,7.0,1,77,84.0,0
742,42,198.67,6.4,1,88,26.2,0
743,25,65.14,8.3,2,48,71.1,0
744,34,101.34,3.7,2,0,54.6,0
745,60,153.86,6.2,0,86,29.0,0
746,26,76.84,7.4,0,53,76.7,0
747,24,73.31,4.8,0,53,67.5,1
748,29,111.44,2.5,6,32,48.7,0
749,34,84.68,5.8,1,63,78.9,0
750,30,56.68,5.0,0,65,62.5,0
751,39,62.79,5.8,0,61,78.3,1
752,40,94.58,7.2,1,80,23.9,1
753,59,289.55,8.0,2,99,17.9,0
754,40,79.78,8.8,1,106,14.7,1
755,33,137.44,2.1,2,22,43.8,0
756,43,112.91,5.4,1,150,32.5,1
757,28,117.78,2.6,4,0,47.4,0
758,32,103.92,1.1,5,33,52.8,0
759,43,87.83,5.7,0,97,19.7,1
760,24,75.89,6.6,0,53,81.3,0
761,18,36.22,6.0,0,73,85.2,0
762,38,122.69,6.9,1,96,21.0,1
763,34,96.78,9.5,0,118,28.2,1
764,59,247.93,7.4,3,99,17.4,0
765,33,81.2,7.1,0,116,31.2,1
766,35,116.71,8.0,3,91,34.5,1
767,57,172.92,10.5,1,125,10.7,0
768,26,54.83,6.9,3,67,59.9,0
769,44,95.08,7.2,2,116,31.8,1
770,58,282.07,7.4,1,64,23.8,0
771,56,251.27,6.2,4,86,21.9,0
772,45,100.78,7.9,1,134,26.2,1
773,43,72.87,9.1,1,95,30.3,1
774,37,110.19,4.7,1,159,26.9,1
775,35,69.93,6.8,0,92,50.9,0
776,35,82.16,1.6,2,21,17.3,0
777,44,65.71,5.9,1,97,26.6,1
778,34,123.52,1.3,4,7,40.0,0
779,43,93.45,6.4,1,97,45.4,1
780,37,96.48,8.6,2,68,22.2,1
781,43,91.65,7.2,0,85,43.2,1
782,30,70.57,6.9,2,62,89.2,0
783,40,70.95,5.5,0,105,13.1,1
784,57,210.23,8.1,1,115,22.7,0
785,55,224.78,7.5,3,132,18.1,1
786,44,113.51,5.8,2,103,15.1,1
787,50,103.03,6.2,2,132,22.7,1
788,36,98.43,7.6,1,90,32.9,1
789,34,117.67,1.4,4,12,42.1,0
790,32,101.41,7.6,0,140,25.2,1
791,33,102.82,2.9,4,42,51.6,0
792,29,68.69,5.7,3,29,71.7,1
793,31,65.32,6.3,1,62,65.6,0
794,49,193.24,8.6,2,87,25.9,0
795,31,133.16,3.9,7,0,32.6,0
796,57,180.32,8.1,0,65,29.8,0
797,74,243.05,8.7,0,108,19.2,0
798,58,188.96,9.2,1,120,14.6,1
799,36,93.69,4.9,2,32,26.4,0
800,31,125.01,2.7,6,50,39.9,0
801,27,86.37,4.4,1,62,53.0,0
802,20,149.52,3.0,4,0,52.3,0
803,37,77.43,8.1,1,68,29.5,1
804,36,86.23,7.8,1,107,32.2,1
805,39,81.41,8.6,2,103,22.0,1
806,38,97.08,6.3,3,117,31.6,1
807,69,289.48,6.7,2,77,8.9,0
808,47,72.64,6.7,1,146,22.4,1
809,34,105.71,1.0,5,0,44.1,0
810,18,92.27,4.6,0,60,71.4,0
811,51,57.83,6.0,0,99,24.5,1
812,53,295.27,9.2,1,111,17.3,0
813,24,56.55,5.0,0,88,78.9,0
814,56,177.93,5.5,2,59,13.4,0
815,28,82.23,6.6,3,67,63.7,0
816,37,76.0,6.6,5,67,61.4,0
817,35,107.4,2.0,1,38,31.2,0
818,44,46.11,6.3,3,114,32.3,1
819,61,199.39,8.5,4,98,10.5,0
820,50,84.72,5.5,2,118,26.6,1
821,45,79.06,8.5,1,77,42.2,1
822,34,107.95,2.6,6,15,51.6,0
823,54,138.87,9.5,4,113,29.2,0
824,49,170.27,8.1,1,117,21.1,0
825,51,172.2,9.7,0,60,25.8,0
826,18,57.46,6.5,0,61,71.4,0
827,35,67.03,5.5,2,66,76.8,0
828,36,93.34,9.0,0,98,12.2,1
829,32,91.47,1.6,5,18,34.2,0
830,45,95.64,6.6,2,111,22.4,1
831,55,181.77,6.2,3,72,0.0,1
832,42,66.15,6.8,0,89,14.0,1
833,37,93.66,7.6,2,97,45.9,1
834,55,245.76,8.7,1,73,6.4,0
835,35,105.52,1.2,1,26,32.6,0
836,67,215.64,8.6,3,103,23.0,0
837,25,99.5,1.0,1,3,31.3,0
838,30,90.51,1.4,2,29,36.0,0
839,43,89.82,8.3,1,95,10.5,1
840,32,37.53,5.5,4,70,77.3,0
841,55,206.28,6.7,0,119,13.1,0
842,41,90.59,7.5,1,93,26.3,1
843,34,122.84,2.0,8,0,27.8,1
844,33,78.65,5.4,0,59,83.5,0
845,20,68.92,7.7,3,63,76.6,0
846,28,100.78,5.7,1,48,69.5,0
847,37,52.59,5.2,4,50,64.5,0
848,35,82.74,5.5,4,65,76.5,0
849,37,76.21,8.9,0,118,14.6,1
850,31,63.44,5.2,1,54,81.7,0
851,22,77.82,5.4,1,66,73.3,0
852,32,82.79,5.2,4,55,61.3,0
853,43,90.54,9.0,2,122,33.4,1
854,35,136.05,4.0,2,23,46.6,0
855,43,60.09,8.6,1,93,25.8,1
856,34,129.47,4.2,8,42,15.7,0
857,64,145.13,8.3,2,100,26.4,0
858,46,84.32,11.0,2,89,33.5,1
859,61,198.63,7.0,1,44,17.8,0
860,36,63.34,5.6,0,82,77.9,0
861,42,134.15,3.4,6,40,42.7,0
862,36,136.64,1.4,4,35,31.8,0
863,45,117.29,7.9,2,100,16.0,1
864,57,246.26,8.3,2,86,20.8,0
865,19,72.03,6.1,3,42,62.5,0
866,36,46.73,7.8,2,40,69.5,0
867,40,99.76,8.1,2,101,46.0,1
868,29,65.29,6.6,0,81,81.0,0
869,53,67.68,5.8,2,76,44.3,1
870,28,98.95,9.4,5,65,89.0,0
871,27,71.88,8.1,1,50,87.0,0
872,46,154.72,5.8,1,81,26.4,0
873,59,143.78,9.8,2,90,8.1,0
874,42,76.24,6.2,0,104,26.2,1
875,31,106.0,1.0,1,6,44.4,0
876,48,92.99,6.7,2,110,23.3,1
877,32,92.18,2.4,4,58,55.2,1
878,49,205.59,8.3,1,66,27.6,0
879,25,69.55,6.0,4,80,67.9,0
880,39,127.61,6.5,0,151,0.0,1
881,28,67.09,7.6,4,72,81.4,0
882,57,177.84,6.0,0,126,27.5,0
883,28,127.14,2.6,3,47,44.1,0
884,51,222.25,9.4,1,89,27.4,0
885,30,90.61,10.2,1,136,36.2,1
886,56,214.49,7.9,2,93,41.1,0
887,50,97.87,7.4,2,118,12.1,1
888,47,100.46,7.6,4,111,24.2,1
889,48,320.91,7.4,1,108,0.0,1
890,37,83.85,8.4,3,119,29.6,1
891,48,97.17,7.4,1,101,10.6,1
892,38,67.66,10.4,2,132,0.0,1
893,38,99.19,7.3,3,107,9.7,1
894,33,123.34,6.1,3,110,26.1,1
895,68,289.84,6.1,1,76,27.3,0
896,47,104.02,9.5,2,108,25.2,1
897,50,195.24,8.0,1,69,28.6,0
898,47,95.13,5.5,2,123,22.3,1
899,51,234.85,7.5,1,113,24.0,0
900,35,146.32,1.2,4,24,31.2,0
901,64,210.25,7.3,0,75,28.7,0
902,29,109.62,1.0,7,0,30.0,0
903,29,115.46,2.0,3,31,27.8,0
904,35,52.75,5.5,0,75,35.8,1
905,28,50.29,8.3,2,28,69.5,0
906,62,240.4,8.4,0,57,9.0,0
907,34,87.35,6.1,3,51,90.6,0
908,45,148.33,2.8,8,15,53.4,0
909,46,137.42,3.3,3,20,35.0,0
910,39,103.19,1.8,4,30,38.7,1
911,48,177.06,6.3,1,94,8.8,0
912,35,84.81,5.8,2,99,16.7,1
913,60,187.7,7.5,1,108,31.0,0
914,42,85.85,6.8,0,103,35.0,1
915,28,68.95,9.1,2,55,76.9,0
916,37,82.64,10.4,1,116,35.1,1
917,43,100.15,9.4,1,116,34.4,1
918,32,81.58,7.8,0,109,17.0,1
919,33,130.91,4.2,3,0,31.4,0
920,37,84.69,2.6,4,23,50.3,0
921,37,94.1,6.0,0,48,68.4,0
922,43,118.3,3.9,2,52,37.0,0
923,37,113.81,6.4,2,130,38.2,1
924,33,101.51,8.1,1,126,28.5,1
925,41,110.55,7.6,0,89,32.7,1
926,43,100.72,7.8,1,104,41.9,1
927,32,94.27,8.2,1,97,29.9,1
928,31,106.75,6.9,1,150,34.3,0
929,36,122.36,5.1,0,110,27.7,1
930,56,216.29,8.8,0,119,25.5,0
931,42,100.29,8.1,2,126,28.5,1
932,40,73.75,6.6,2,144,30.7,1
933,40,105.75,7.3,1,122,17.6,0
934,34,86.71,4.7,2,73,64.1,0
935,55,221.35,7.8,2,93,24.1,0
936,27,87.49,7.2,2,62,75.5,0
937,47,252.48,7.9,1,81,19.7,0
938,37,125.18,4.2,1,30,50.2,0
939,35,67.2,5.4,2,55,51.5,0
940,33,65.06,5.9,3,47,80.8,0
941,36,83.61,3.7,1,130,24.8,1
942,41,117.19,3.3,4,0,60.8,0
943,39,104.32,8.0,1,121,31.3,1
944,67,198.71,6.2,1,83,10.4,0
945,42,130.11,7.4,0,125,38.2,1
946,48,96.15,6.4,1,168,40.4,1
947,42,103.66,7.6,3,105,15.0,1
948,30,68.24,7.4,2,68,77.5,0
949,36,78.22,6.3,1,107,40.5,1
950,36,103.76,8.5,0,150,22.6,0
951,63,217.38,6.6,1,69,19.5,0
952,29,129.75,3.3,6,42,31.7,0
953,50,118.91,6.8,4,99,37.7,1
954,30,78.99,8.3,0,93,27.8,1
955,34,132.06,1.5,4,50,48.4,0
956,26,94.06,4.6,3,89,69.4,0
957,51,117.21,8.0,2,86,19.2,1
958,54,242.29,9.9,2,78,38.5,0
959,38,116.34,9.0,0,142,14.9,1
960,24,64.58,8.9,2,83,76.7,0
961,33,58.26,7.9,4,119,73.9,0
962,56,257.78,9.5,1,83,9.7,0
963,34,121.04,3.9,2,50,46.2,0
964,19,74.15,4.6,3,19,81.4,0
965,55,188.94,9.8,2,91,24.0,0
966,39,103.18,6.6,1,105,21.8,1
967,53,136.5,8.0,2,85,26.2,0
968,67,160.54,6.5,1,102,32.2,0
969,71,189.82,7.7,0,101,12.9,0
970,40,59.35,9.0,0,104,37.6,1
971,26,69.36,5.8,2,50,70.8,0
972,61,174.98,6.6,2,100,37.5,0
973,62,184.73,5.6,1,77,9.2,0
974,51,209.01,8.9,1,84,33.3,0
975,60,231.79,7.8,2,84,35.4,0
976,26,62.41,6.0,1,42,85.2,0
977,38,90.18,7.0,0,117,28.6,1
978,40,115.86,8.0,1,68,27.1,1
979,46,69.13,6.5,1,129,45.0,1
980,42,81.52,8.1,2,117,15.9,0
981,37,157.5,2.8,4,8,37.2,1
982,58,180.94,7.9,4,91,20.7,1
983,46,203.62,9.7,1,91,21.1,0
984,65,166.8,8.3,0,104,8.8,0
985,40,96.92,5.8,0,96,11.0,1
986,38,88.7,9.5,0,115,9.3,1
987,35,107.93,9.1,1,112,33.0,1
988,33,73.12,7.5,1,98,31.7,1
989,58,277.61,9.7,1,89,31.2,0
990,47,95.33,7.4,1,110,13.5,1
991,40,98.41,7.7,5,84,21.4,1
992,27,89.83,3.5,1,74,69.8,0
993,59,222.95,9.6,3,80,10.6,0
994,18,103.99,5.1,4,42,68.5,0
995,42,79.09,7.4,2,122,21.6,0
996,38,93.04,7.9,0,93,30.0,1
997,33,74.77,6.0,2,84,76.8,0
998,42,150.02,2.9,2,32,38.7,1
999,39,82.1,8.2,0,91,37.0,1
1000,22,77.3,7.0,5,61,78.2,0
1001,61,247.26,7.6,1,105,35.0,0
1002,41,118.06,4.4,2,114,9.3,1
1003,45,102.06,7.6,3,87,28.5,0
1004,62,217.77,9.1,1,82,13.8,0
1005,41,104.71,7.5,2,121,11.9,1
1006,37,89.93,6.8,2,98,26.7,1
1007,59,292.58,10.2,1,103,20.5,0
1008,58,174.96,7.2,1,91,13.4,0
1009,37,75.97,5.4,1,96,75.1,0
1010,42,103.61,6.7,0,115,9.5,1
1011,36,61.28,7.1,4,30,63.9,0
1012,41,66.47,1.0,5,7,35.8,0
1013,58,205.14,7.3,1,52,26.3,0
1014,18,74.42,6.0,2,19,67.6,0
1015,34,85.05,8.8,5,102,24.1,1
1016,61,240.58,11.1,1,91,20.5,0
1017,34,67.01,7.5,4,86,65.8,0
1018,53,176.35,8.1,2,80,40.1,0
1019,19,72.83,7.0,2,51,92.2,0
1020,71,265.32,7.9,1,105,7.1,0
1021,34,131.88,2.9,2,10,51.1,0
1022,45,177.52,7.6,0,81,17.0,0
1023,38,136.9,2.5,4,46,43.5,0
1024,44,124.25,1.9,4,22,37.8,0
1025,28,106.48,9.6,1,119,36.4,1
1026,57,198.16,8.3,2,78,21.6,0
1027,54,201.6,9.7,3,117,13.1,0
1028,29,68.04,5.2,3,55,68.6,0
1029,33,74.21,7.2,1,50,89.6,0
1030,35,94.91,6.8,1,62,24.9,1
1031,22,70.32,6.8,1,77,81.1,0
1032,27,102.8,1.9,6,0,43.7,0
1033,47,112.53,7.2,0,110,37.3,0
1034,42,133.57,1.8,5,42,56.8,0
1035,50,260.65,7.4,3,99,37.4,0
1036,36,65.0,6.5,1,52,63.2,0
1037,31,151.94,1.0,0,23,36.0,0
1038,29,60.47,8.0,2,57,72.4,0
1039,38,105.81,8.5,5,105,18.8,0
1040,33,87.01,2.1,3,7,51.9,0
1041,38,67.22,9.2,3,106,86.8,0
1042,30,61.87,5.6,5,72,78.3,0
1043,24,59.34,6.3,2,70,96.3,0
1044,67,204.56,10.7,1,49,20.7,1
1045,53,99.41,10.1,0,89,20.1,1
1046,58,188.61,7.2,1,119,30.8,0
1047,51,98.35,8.3,2,143,15.8,1
1048,40,73.06,5.7,2,65,73.9,0
1049,25,60.99,7.7,2,94,81.0,0
1050,31,84.02,6.3,1,115,21.7,1
1051,21,80.25,7.5,1,81,87.5,0
1052,32,105.17,7.8,3,114,21.5,1
1053,38,95.15,6.5,2,99,39.2,1
1054,40,72.69,6.0,3,98,66.5,1
1055,38,93.86,6.5,1,125,20.2,1
1056,32,100.5,1.6,1,44,27.4,0
1057,66,137.62,7.3,2,68,31.2,0
1058,28,72.63,7.4,7,75,68.5,0
1059,38,150.69,3.1,1,0,48.2,0
1060,54,109.93,8.0,1,123,25.8,1
1061,32,123.62,7.8,1,116,23.4,1
1062,34,96.99,8.6,1,117,35.5,1
1063,39,92.44,8.6,2,107,15.1,1
1064,58,142.95,9.1,2,70,6.1,0
1065,58,172.83,9.0,1,111,22.0,0
1066,44,115.97,8.5,0,98,13.8,1
1067,34,104.03,7.6,1,121,39.2,1
1068,33,124.89,4.7,3,0,43.4,0
1069,50,185.45,9.0,1,66,11.3,0
1070,40,91.71,5.5,1,99,45.5,1
1071,44,98.57,10.0,0,101,9.1,0
1072,45,74.54,8.3,2,130,4.1,1
1073,36,133.46,3.7,5,0,52.0,0
1074,64,263.96,7.7,1,101,18.7,0
1075,20,77.72,5.7,2,12,74.9,0
1076,57,200.52,7.8,0,77,9.9,0
1077,43,128.74,7.4,0,117,37.8,1
1078,20,93.43,5.9,2,60,53.7,0
1079,74,65.92,6.7,0,105,25.0,0
1080,25,58.04,5.8,3,51,72.1,0
1081,47,93.54,7.5,1,106,25.6,1
1082,39,126.45,5.6,3,113,34.5,1
1083,57,235.64,8.6,2,94,13.3,0
1084,57,241.81,8.1,2,71,32.3,0
1085,51,96.21,8.0,1,131,4.4,0
1086,29,49.6,4.8,3,50,64.2,0
1087,61,261.97,9.2,1,107,38.5,0
1088,62,237.99,9.7,1,109,11.9,0
1089,44,93.17,8.3,2,145,19.3,0
1090,46,111.33,9.7,2,115,46.9,1
1091,36,103.65,6.2,2,103,14.9,1
1092,30,65.8,7.4,1,90,14.6,1
1093,55,213.15,8.3,1,89,22.8,0
1094,52,215.88,7.9,4,73,11.7,0
1095,44,167.07,8.1,2,98,7.4,0
1096,43,109.31,1.0,4,43,55.4,0
1097,18,63.35,5.9,3,23,79.5,0
1098,40,72.4,8.1,0,68,82.3,0
1099,20,70.19,5.1,2,42,73.2,0
1100,36,97.4,7.8,1,70,29.5,1
1101,40,118.12,2.3,5,0,44.2,0
1102,39,111.96,3.6,4,45,32.0,1
1103,48,73.34,9.8,3,100,37.3,1
1104,58,247.92,8.5,2,77,30.7,0
1105,27,55.3,6.5,1,77,76.3,0
1106,25,110.4,6.2,1,88,26.0,1
1107,43,100.66,7.0,2,119,45.0,1
1108,40,45.65,6.5,1,134,35.4,1
1109,40,98.11,8.7,1,106,23.2,1
1110,38,121.53,3.9,2,0,28.0,0
1111,66,239.52,8.7,2,82,15.9,0
1112,24,63.66,4.7,0,70,87.1,0
1113,40,98.91,8.2,1,123,23.7,1
1114,27,67.09,6.7,2,38,83.3,0
1115,30,113.32,5.4,3,119,45.9,1
1116,63,261.67,8.4,1,53,20.3,0
1117,39,111.74,7.4,4,115,23.2,0
1118,24,132.11,1.6,4,30,28.0,0
1119,42,99.99,9.9,0,84,0.0,1
1120,57,177.72,7.5,2,119,15.7,0
1121,36,145.31,2.4,2,9,39.9,0
1122,48,232.1,5.2,2,95,28.4,0
1123,21,71.37,5.0,3,41,80.9,1
1124,57,236.46,8.5,5,108,21.7,0
1125,46,84.79,6.6,2,157,27.6,1
1126,51,268.54,9.0,4,89,13.4,0
1127,35,133.28,4.7,8,35,24.8,0
1128,55,265.83,9.3,1,136,20.9,0
1129,58,150.81,7.8,3,127,2.8,0
1130,40,117.49,1.0,1,25,34.6,0
1131,33,65.34,6.6,0,60,65.1,0
1132,42,142.54,1.6,4,14,33.5,0
1133,52,87.13,5.8,0,131,34.2,1
1134,53,235.58,9.0,0,78,16.5,0
1135,64,280.27,9.0,0,96,19.8,0
1136,55,185.15,8.7,1,90,12.9,0
1137,40,97.67,9.0,1,85,14.4,1
1138,54,294.3,9.8,4,97,7.5,0
1139,32,66.81,5.8,2,25,91.2,0
1140,31,97.88,5.4,0,143,30.4,1
1141,27,98.49,4.5,6,10,50.7,0
1142,52,180.53,7.6,2,77,14.1,0
1143,50,291.04,7.1,2,92,18.1,0
1144,18,79.7,4.0,3,36,86.3,0
1145,29,59.91,3.2,2,76,86.2,0
1146,33,111.55,2.8,5,0,42.1,0
1147,51,184.76,8.9,3,60,16.5,0
1148,60,192.05,7.3,0,55,10.9,0
1149,50,71.86,5.8,2,137,21.2,1
1150,34,74.0,6.2,0,136,31.6,1
1151,63,248.7,10.9,2,83,13.5,0
1152,30,143.34,1.2,2,46,30.0,0
1153,63,167.43,9.7,0,91,14.6,0
1154,40,150.04,2.7,6,6,38.6,1
1155,50,260.39,7.2,0,58,24.8,0
1156,69,203.11,6.2,4,64,30.4,0
1157,51,217.47,7.6,2,102,24.4,0
1158,19,57.94,5.3,5,82,75.6,0
1159,37,102.07,7.2,2,122,14.8,1
1160,31,69.72,5.8,3,58,87.6,0
1161,53,212.35,9.8,1,69,30.6,0
1162,22,88.38,8.5,0,72,62.0,0
1163,47,101.78,9.3,1,98,27.3,1
1164,38,110.63,4.2,8,21,52.3,0
1165,26,70.89,4.4,0,57,76.9,0
1166,53,115.34,7.4,0,101,23.2,1
1167,19,53.88,5.2,1,34,57.0,0
1168,31,111.95,2.9,5,25,38.3,0
1169,50,179.49,8.4,4,70,19.7,0
1170,38,100.33,6.1,1,64,38.1,0
1171,57,265.94,7.8,0,61,31.0,0
1172,33,71.44,6.2,3,74,98.7,0
1173,25,71.46,6.7,1,34,72.3,0
1174,38,123.25,2.0,7,53,33.3,0
1175,54,247.83,6.2,1,71,29.3,0
1176,39,72.03,6.2,1,50,67.4,0
1177,49,204.61,8.2,2,70,24.4,0
1178,39,90.4,6.9,0,124,29.7,1
1179,45,76.01,8.0,1,120,33.5,1
1180,63,262.88,6.4,1,124,17.7,0
1181,60,193.92,7.6,1,88,23.2,0
1182,43,89.65,4.4,1,109,8.1,1
1183,40,77.9,6.4,3,76,90.1,1
1184,57,240.01,9.3,2,100,34.4,0
1185,42,104.65,6.0,0,109,39.7,1
1186,31,127.89,5.2,2,37,55.8,0
1187,35,63.02,7.2,3,41,80.7,0
1188,29,89.92,6.3,1,69,78.3,0
1189,31,101.24,6.1,2,100,28.9,1
1190,25,115.94,4.1,4,15,49.4,0
1191,43,219.72,7.9,2,103,9.5,0
1192,42,102.26,8.2,1,77,22.2,1
1193,59,264.52,9.4,1,45,19.3,0
1194,64,272.82,7.9,1,127,22.9,0
1195,37,89.64,6.8,1,74,24.4,1
1196,41,119.27,7.7,2,94,19.2,0
1197,58,212.26,6.4,3,114,10.5,0
1198,33,96.88,1.9,6,3,33.8,0
1199,33,118.52,3.5,7,36,33.2,1
1200,60,266.11,7.0,1,70,5.1,0
