fecha,ocupacion_pct,temperatura_c,festivo,precio_medio
2023-01-01,89.0,18.1,1,97.43
2023-01-02,84.7,16.2,1,97.32
2023-01-03,71.6,16.4,1,97.13
2023-01-04,85.6,17.5,1,93.76
2023-01-05,78.7,15.6,1,94.48
2023-01-06,84.8,16.2,1,83.79
2023-01-07,75.9,16.5,0,98.54
2023-01-08,74.9,17.8,0,90.19
2023-01-09,69.4,15.1,0,87.04
2023-01-10,73.7,18.3,0,88.72
2023-01-11,72.8,16.9,0,92.63
2023-01-12,73.0,16.4,0,80.38
2023-01-13,72.8,17.6,0,99.15
2023-01-14,73.3,18.6,0,90.46
2023-01-15,85.9,18.8,0,94.39
2023-01-16,74.6,15.6,0,97.48
2023-01-17,79.5,19.0,0,96.81
2023-01-18,75.7,17.1,0,93.43
2023-01-19,66.8,18.9,0,82.66
2023-01-20,85.1,15.5,0,100.18
2023-01-21,82.5,16.8,0,94.87
2023-01-22,80.9,16.8,0,88.72
2023-01-23,67.8,15.2,0,86.76
2023-01-24,71.1,16.3,0,90.42
2023-01-25,70.5,18.3,0,84.95
2023-01-26,74.7,18.6,0,94.73
2023-01-27,80.6,18.0,0,89.95
2023-01-28,86.5,17.4,0,99.62
2023-01-29,77.1,16.3,0,92.84
2023-01-30,73.1,20.0,0,92.14
2023-01-31,73.2,15.0,0,84.74
2023-02-01,67.7,15.2,0,88.06
2023-02-02,66.5,15.9,0,90.22
2023-02-03,84.2,17.3,0,95.9
2023-02-04,82.2,16.3,0,91.53
2023-02-05,79.5,18.2,0,94.08
2023-02-06,72.7,14.7,0,87.86
2023-02-07,68.4,18.3,0,87.62
2023-02-08,72.0,19.6,0,95.37
2023-02-09,68.6,18.4,0,96.37
2023-02-10,80.8,16.7,0,101.79
2023-02-11,83.9,16.2,0,97.06
2023-02-12,78.6,18.7,0,89.1
2023-02-13,74.3,14.7,0,88.9
2023-02-14,66.7,16.0,0,92.82
2023-02-15,69.7,14.7,0,89.07
2023-02-16,65.3,17.0,0,94.45
2023-02-17,79.3,19.9,0,90.53
2023-02-18,80.0,16.6,0,97.08
2023-02-19,78.8,18.8,0,85.49
2023-02-20,69.5,15.7,0,86.75
2023-02-21,75.8,16.5,0,93.47
2023-02-22,76.1,16.5,0,93.04
2023-02-23,65.4,18.9,0,87.53
2023-02-24,83.9,16.1,0,88.45
2023-02-25,72.3,16.5,0,90.01
2023-02-26,76.1,17.5,0,89.45
2023-02-27,69.3,19.8,0,84.92
2023-02-28,70.3,17.6,0,89.75
2023-03-01,65.6,20.2,0,82.59
2023-03-02,66.8,18.2,0,83.97
2023-03-03,78.9,17.3,0,103.03
2023-03-04,75.7,19.4,0,92.6
2023-03-05,75.8,16.9,0,97.05
2023-03-06,71.9,16.5,0,86.66
2023-03-07,72.9,18.0,0,87.33
2023-03-08,68.8,15.6,0,81.34
2023-03-09,69.0,16.2,0,81.38
2023-03-10,77.7,16.8,0,85.11
2023-03-11,75.9,18.1,0,93.18
2023-03-12,75.5,19.6,0,85.89
2023-03-13,64.3,19.8,0,81.75
2023-03-14,70.9,17.9,0,85.69
2023-03-15,67.8,18.5,0,91.09
2023-03-16,67.5,17.8,0,85.37
2023-03-17,77.7,16.2,0,94.48
2023-03-18,78.9,18.9,0,86.7
2023-03-19,82.3,17.3,0,96.25
2023-03-20,66.4,19.5,0,86.78
2023-03-21,65.7,17.7,0,89.61
2023-03-22,68.0,17.1,0,81.8
2023-03-23,63.6,19.1,0,84.97
2023-03-24,80.9,17.9,0,92.6
2023-03-25,79.4,16.8,0,88.55
2023-03-26,78.3,20.3,0,94.53
2023-03-27,65.9,19.3,0,86.94
2023-03-28,69.2,19.4,0,90.63
2023-03-29,70.2,19.1,0,85.41
2023-03-30,67.9,18.2,0,88.49
2023-03-31,73.6,15.0,0,82.67
2023-04-01,76.8,18.3,1,94.44
2023-04-02,87.1,18.6,1,88.36
2023-04-03,72.8,19.9,1,85.97
2023-04-04,70.6,17.4,1,88.93
2023-04-05,77.4,20.1,1,93.91
2023-04-06,75.0,19.5,1,90.85
2023-04-07,76.8,21.7,1,80.82
2023-04-08,81.9,18.5,1,86.65
2023-04-09,81.0,19.7,1,88.4
2023-04-10,76.9,20.1,1,90.3
2023-04-11,56.1,20.6,0,75.72
2023-04-12,62.0,21.7,0,80.62
2023-04-13,62.8,20.6,0,87.03
2023-04-14,77.8,17.9,0,91.59
2023-04-15,67.6,22.5,0,89.57
2023-04-16,60.0,17.2,0,85.84
2023-04-17,57.0,21.1,0,75.43
2023-04-18,63.4,22.2,0,80.12
2023-04-19,65.4,19.3,0,86.34
2023-04-20,68.9,20.3,0,89.11
2023-04-21,72.4,20.4,0,85.91
2023-04-22,67.4,18.9,0,91.48
2023-04-23,73.9,21.1,0,85.84
2023-04-24,61.1,19.3,0,81.53
2023-04-25,60.2,21.2,0,83.81
2023-04-26,60.9,21.7,0,85.42
2023-04-27,65.7,22.5,0,82.94
2023-04-28,65.8,22.9,0,85.62
2023-04-29,65.1,21.6,0,80.91
2023-04-30,68.7,21.8,0,83.53
2023-05-01,59.5,20.8,0,91.18
2023-05-02,56.3,21.1,0,76.53
2023-05-03,55.9,22.6,0,89.72
2023-05-04,60.7,22.5,0,81.08
2023-05-05,73.4,22.1,0,95.35
2023-05-06,70.7,21.5,0,85.72
2023-05-07,70.4,23.1,0,82.59
2023-05-08,63.4,20.0,0,84.68
2023-05-09,50.3,20.9,0,79.8
2023-05-10,52.0,22.1,0,81.8
2023-05-11,55.0,23.5,0,76.74
2023-05-12,61.9,20.1,0,77.08
2023-05-13,62.5,20.4,0,83.62
2023-05-14,66.6,20.3,0,84.03
2023-05-15,52.0,23.2,0,76.63
2023-05-16,55.2,23.3,0,81.38
2023-05-17,48.6,24.5,0,86.03
2023-05-18,52.7,25.6,0,87.1
2023-05-19,70.8,20.6,0,89.77
2023-05-20,63.1,22.2,0,91.9
2023-05-21,66.4,21.7,0,96.34
2023-05-22,58.7,21.0,0,90.89
2023-05-23,53.8,22.7,0,72.91
2023-05-24,57.9,21.9,0,79.48
2023-05-25,56.3,23.0,0,84.12
2023-05-26,67.1,22.3,0,91.78
2023-05-27,61.6,20.8,0,78.48
2023-05-28,58.3,23.8,0,94.54
2023-05-29,50.8,23.8,0,77.14
2023-05-30,52.6,22.4,0,76.28
2023-05-31,56.8,20.0,0,72.35
2023-06-01,53.7,19.8,0,86.26
2023-06-02,61.8,21.2,0,89.97
2023-06-03,62.6,23.8,0,89.88
2023-06-04,67.6,24.3,0,88.43
2023-06-05,51.9,23.5,0,82.82
2023-06-06,60.1,23.5,0,84.83
2023-06-07,49.1,19.8,0,89.04
2023-06-08,51.6,24.1,0,84.59
2023-06-09,66.3,22.6,0,92.19
2023-06-10,64.9,23.2,0,77.83
2023-06-11,59.4,22.3,0,75.73
2023-06-12,53.4,20.8,0,87.45
2023-06-13,50.9,24.9,0,83.75
2023-06-14,57.2,24.4,0,85.8
2023-06-15,55.9,22.3,0,82.19
2023-06-16,59.9,21.7,0,85.76
2023-06-17,64.4,23.1,0,83.76
2023-06-18,61.4,25.3,0,88.09
2023-06-19,53.6,24.9,0,73.27
2023-06-20,54.2,24.2,0,82.44
2023-06-21,51.7,25.5,0,77.74
2023-06-22,55.8,24.7,0,78.2
2023-06-23,65.0,22.8,0,85.11
2023-06-24,64.9,25.2,0,85.2
2023-06-25,67.7,24.2,0,86.7
2023-06-26,53.3,23.1,0,90.0
2023-06-27,48.6,26.0,0,73.46
2023-06-28,52.7,25.0,0,76.45
2023-06-29,55.6,22.4,0,82.55
2023-06-30,64.0,25.6,0,85.75
2023-07-01,66.4,24.8,0,88.75
2023-07-02,67.4,24.0,0,91.87
2023-07-03,54.9,23.9,0,83.92
2023-07-04,55.1,23.1,0,77.8
2023-07-05,51.7,22.5,0,92.71
2023-07-06,59.9,25.1,0,85.17
2023-07-07,63.9,25.4,0,85.99
2023-07-08,60.8,24.2,0,84.92
2023-07-09,60.8,25.1,0,80.23
2023-07-10,54.8,24.2,0,78.27
2023-07-11,62.8,24.3,0,85.42
2023-07-12,59.9,25.5,0,85.52
2023-07-13,50.1,25.5,0,82.96
2023-07-14,65.6,26.9,0,81.17
2023-07-15,67.3,24.2,0,90.69
2023-07-16,68.8,25.4,0,82.19
2023-07-17,58.8,24.6,0,89.15
2023-07-18,55.0,25.2,0,95.26
2023-07-19,59.4,26.7,0,77.44
2023-07-20,55.6,25.5,0,84.97
2023-07-21,57.9,23.8,0,88.64
2023-07-22,64.2,24.3,0,83.43
2023-07-23,64.3,24.1,0,93.34
2023-07-24,61.9,24.6,0,77.23
2023-07-25,62.4,24.0,0,81.93
2023-07-26,54.0,24.3,0,84.74
2023-07-27,58.9,24.7,0,91.66
2023-07-28,67.6,25.4,0,84.64
2023-07-29,61.5,23.7,0,77.37
2023-07-30,59.0,25.1,0,86.52
2023-07-31,57.9,25.0,0,91.86
2023-08-01,58.7,26.2,0,86.4
2023-08-02,55.8,25.3,0,78.66
2023-08-03,47.3,25.7,0,71.83
2023-08-04,66.9,25.3,0,101.25
2023-08-05,64.6,26.6,0,87.17
2023-08-06,63.3,24.8,0,76.83
2023-08-07,56.5,22.8,0,73.43
2023-08-08,53.1,25.4,0,87.97
2023-08-09,59.8,23.5,0,90.96
2023-08-10,57.4,21.7,0,82.71
2023-08-11,64.0,25.5,0,83.42
2023-08-12,67.2,24.8,0,91.07
2023-08-13,65.8,25.1,0,90.99
2023-08-14,50.7,25.5,0,81.78
2023-08-15,56.1,24.5,0,76.06
2023-08-16,54.7,26.3,0,83.72
2023-08-17,49.4,24.8,0,92.75
2023-08-18,62.6,24.3,0,79.68
2023-08-19,66.7,24.7,0,82.91
2023-08-20,62.4,21.7,0,81.0
2023-08-21,61.3,25.4,0,80.47
2023-08-22,62.3,22.5,0,93.23
2023-08-23,54.1,25.1,0,85.71
2023-08-24,57.4,24.3,0,77.78
2023-08-25,72.0,24.6,0,82.92
2023-08-26,62.6,23.3,0,84.78
2023-08-27,60.1,26.8,0,80.46
2023-08-28,52.9,21.5,0,83.16
2023-08-29,49.0,24.2,0,80.91
2023-08-30,49.0,23.1,0,71.64
2023-08-31,55.1,22.0,0,92.21
2023-09-01,61.5,26.3,0,80.57
2023-09-02,64.0,24.5,0,93.35
2023-09-03,64.9,27.7,0,86.99
2023-09-04,50.8,25.3,0,78.93
2023-09-05,53.0,24.8,0,70.16
2023-09-06,52.6,24.9,0,77.74
2023-09-07,51.0,22.2,0,86.42
2023-09-08,59.3,22.1,0,88.3
2023-09-09,63.9,26.0,0,81.07
2023-09-10,62.0,25.1,0,71.17
2023-09-11,54.9,22.8,0,83.43
2023-09-12,57.6,24.0,0,76.39
2023-09-13,57.6,24.0,0,81.98
2023-09-14,49.1,25.5,0,74.05
2023-09-15,59.2,24.2,0,90.48
2023-09-16,61.6,22.6,0,81.68
2023-09-17,63.2,24.7,0,86.05
2023-09-18,57.5,22.8,0,82.17
2023-09-19,49.9,24.3,0,76.63
2023-09-20,52.1,22.6,0,84.87
2023-09-21,54.9,18.9,0,84.02
2023-09-22,67.9,25.6,0,89.02
2023-09-23,68.6,21.9,0,85.52
2023-09-24,59.2,24.6,0,86.41
2023-09-25,53.5,24.1,0,75.75
2023-09-26,51.2,22.4,0,82.07
2023-09-27,58.0,21.4,0,82.04
2023-09-28,56.5,25.7,0,66.87
2023-09-29,62.4,23.3,0,77.8
2023-09-30,61.5,24.7,0,82.52
2023-10-01,65.3,23.3,0,97.35
2023-10-02,59.2,24.1,0,90.51
2023-10-03,52.3,23.0,0,77.88
2023-10-04,54.3,20.8,0,87.85
2023-10-05,56.2,21.5,0,77.54
2023-10-06,65.0,23.1,0,92.25
2023-10-07,66.4,20.8,0,84.74
2023-10-08,61.2,21.9,0,79.91
2023-10-09,54.0,22.2,0,73.32
2023-10-10,48.2,23.8,0,78.46
2023-10-11,57.0,24.5,0,88.0
2023-10-12,61.3,19.2,0,84.33
2023-10-13,57.9,22.7,0,100.86
2023-10-14,63.8,24.6,0,82.28
2023-10-15,70.1,20.0,0,94.44
2023-10-16,57.2,20.3,0,87.94
2023-10-17,50.4,23.5,0,80.96
2023-10-18,62.8,22.0,0,84.11
2023-10-19,52.6,20.9,0,77.59
2023-10-20,73.0,21.9,0,93.14
2023-10-21,65.4,22.6,0,90.5
2023-10-22,65.1,21.6,0,85.05
2023-10-23,59.3,22.0,0,80.04
2023-10-24,59.3,21.7,0,77.02
2023-10-25,62.0,21.9,0,84.36
2023-10-26,61.8,21.5,0,75.72
2023-10-27,68.4,21.8,0,83.4
2023-10-28,74.5,20.9,0,100.09
2023-10-29,72.3,22.6,0,84.08
2023-10-30,61.7,20.6,0,82.16
2023-10-31,61.4,20.2,0,89.15
2023-11-01,60.7,18.8,0,86.7
2023-11-02,61.0,19.7,0,82.97
2023-11-03,73.1,20.9,0,91.52
2023-11-04,72.6,20.4,0,88.33
2023-11-05,71.1,21.4,0,88.65
2023-11-06,66.2,18.9,0,81.97
2023-11-07,61.3,19.6,0,87.28
2023-11-08,64.3,17.6,0,86.77
2023-11-09,66.2,19.9,0,86.88
2023-11-10,67.5,21.6,0,88.97
2023-11-11,71.1,20.8,0,88.92
2023-11-12,79.0,19.5,0,89.54
2023-11-13,59.7,20.7,0,84.22
2023-11-14,68.4,20.4,0,84.38
2023-11-15,59.7,18.6,0,71.6
2023-11-16,65.8,18.4,0,81.9
2023-11-17,69.1,18.4,0,85.52
2023-11-18,71.1,20.3,0,88.48
2023-11-19,72.3,20.5,0,90.57
2023-11-20,62.8,20.1,0,91.81
2023-11-21,69.2,19.1,0,95.25
2023-11-22,68.7,22.1,0,95.4
2023-11-23,69.1,19.1,0,86.28
2023-11-24,75.6,20.0,0,95.52
2023-11-25,81.5,19.5,0,81.17
2023-11-26,79.3,20.7,0,85.62
2023-11-27,67.7,16.7,0,95.42
2023-11-28,62.4,19.8,0,84.02
2023-11-29,69.5,18.7,0,87.0
2023-11-30,69.5,18.8,0,89.75
2023-12-01,76.5,17.4,0,93.11
2023-12-02,79.1,17.8,0,90.1
2023-12-03,79.6,20.5,0,91.57
2023-12-04,66.5,20.0,0,79.18
2023-12-05,70.1,16.6,0,89.72
2023-12-06,69.4,19.0,0,92.24
2023-12-07,69.4,17.9,0,92.34
2023-12-08,76.0,20.0,0,91.3
2023-12-09,75.7,19.1,0,87.37
2023-12-10,78.2,19.5,0,89.45
2023-12-11,74.6,18.3,0,85.67
2023-12-12,78.3,18.4,0,83.98
2023-12-13,67.7,17.3,0,89.4
2023-12-14,65.1,16.1,0,82.54
2023-12-15,77.1,17.4,0,102.03
2023-12-16,75.3,19.9,0,91.54
2023-12-17,77.1,20.0,0,97.9
2023-12-18,71.5,16.8,0,80.75
2023-12-19,66.4,16.8,0,85.77
2023-12-20,72.7,16.9,0,93.52
2023-12-21,73.5,16.8,0,93.54
2023-12-22,85.6,16.2,0,96.22
2023-12-23,86.9,16.8,0,97.55
2023-12-24,92.8,18.7,1,93.19
2023-12-25,89.0,18.7,1,91.22
2023-12-26,78.0,20.1,1,88.74
2023-12-27,81.2,17.4,1,85.17
2023-12-28,80.9,14.5,1,97.47
2023-12-29,91.1,16.7,1,90.85
2023-12-30,93.6,16.0,1,92.24
2023-12-31,88.3,17.0,1,94.25
2024-01-01,87.6,16.4,1,103.45
2024-01-02,85.9,18.8,1,95.72
2024-01-03,82.3,16.2,1,95.6
2024-01-04,82.9,17.3,1,93.75
2024-01-05,86.3,19.8,1,102.63
2024-01-06,80.3,17.2,1,95.28
2024-01-07,81.0,14.9,0,85.1
2024-01-08,73.7,18.5,0,83.39
2024-01-09,73.4,17.9,0,90.33
2024-01-10,68.2,17.9,0,88.71
2024-01-11,70.8,18.1,0,85.65
2024-01-12,88.7,15.8,0,97.21
2024-01-13,84.7,15.7,0,100.57
2024-01-14,84.3,17.3,0,91.29
2024-01-15,71.7,14.7,0,95.83
2024-01-16,75.9,15.9,0,97.56
2024-01-17,78.2,18.7,0,76.16
2024-01-18,76.1,15.2,0,87.3
2024-01-19,80.5,17.5,0,96.13
2024-01-20,83.3,18.5,0,92.89
2024-01-21,78.7,16.9,0,91.75
2024-01-22,72.0,16.4,0,93.48
2024-01-23,75.6,18.9,0,94.39
2024-01-24,71.2,15.1,0,84.92
2024-01-25,72.4,19.4,0,76.08
2024-01-26,88.1,15.7,0,98.1
2024-01-27,81.7,17.0,0,97.95
2024-01-28,85.4,15.4,0,96.66
2024-01-29,72.2,15.5,0,90.81
2024-01-30,68.9,18.4,0,91.38
2024-01-31,73.4,17.1,0,91.9
2024-02-01,72.0,17.7,0,85.47
2024-02-02,74.4,15.2,0,91.08
2024-02-03,77.6,16.5,0,94.08
2024-02-04,80.7,15.3,0,89.17
2024-02-05,79.3,17.0,0,92.29
2024-02-06,71.1,17.7,0,94.13
2024-02-07,73.2,17.8,0,99.36
2024-02-08,75.8,17.8,0,94.06
2024-02-09,83.5,16.2,0,103.95
2024-02-10,80.9,17.9,0,92.17
2024-02-11,89.0,16.5,0,94.84
2024-02-12,78.5,19.0,0,98.31
2024-02-13,63.5,16.9,0,84.58
2024-02-14,76.9,18.9,0,88.79
2024-02-15,75.2,16.7,0,84.43
2024-02-16,85.9,18.2,0,94.31
2024-02-17,82.3,17.6,0,91.51
2024-02-18,85.2,15.2,0,87.54
2024-02-19,80.5,18.2,0,85.62
2024-02-20,79.6,16.0,0,93.76
2024-02-21,79.8,14.8,0,96.07
2024-02-22,76.8,17.6,0,88.29
2024-02-23,85.2,19.0,0,90.48
2024-02-24,85.2,18.5,0,92.94
2024-02-25,77.0,16.3,0,69.58
2024-02-26,81.3,15.1,0,89.56
2024-02-27,73.2,13.7,0,95.13
2024-02-28,73.4,16.6,0,94.34
2024-02-29,72.5,16.9,0,86.21
2024-03-01,82.8,17.4,0,92.18
2024-03-02,72.4,19.4,0,80.42
2024-03-03,81.7,17.4,0,86.52
2024-03-04,66.6,16.2,0,86.96
2024-03-05,67.6,16.2,0,81.58
2024-03-06,64.0,16.5,0,93.9
2024-03-07,64.5,16.9,0,91.23
2024-03-08,82.5,18.4,0,95.48
2024-03-09,78.1,17.5,0,92.86
2024-03-10,79.5,17.9,0,88.86
2024-03-11,70.1,18.2,0,88.45
2024-03-12,66.1,18.4,0,76.96
2024-03-13,67.7,19.1,0,90.56
2024-03-14,65.4,19.9,0,89.87
2024-03-15,78.0,16.8,0,95.44
2024-03-16,70.3,17.9,0,87.49
2024-03-17,77.4,18.2,0,99.15
2024-03-18,73.4,18.2,0,89.98
2024-03-19,74.5,19.6,0,90.97
2024-03-20,74.1,19.6,0,87.2
2024-03-21,71.3,17.7,0,86.35
2024-03-22,74.2,21.0,0,81.91
2024-03-23,81.7,19.4,0,90.16
2024-03-24,80.0,19.7,0,90.52
2024-03-25,78.8,18.0,1,90.65
2024-03-26,72.7,20.0,1,83.83
2024-03-27,79.0,18.5,1,84.58
2024-03-28,82.8,17.6,1,88.83
2024-03-29,89.0,19.2,1,93.88
2024-03-30,85.0,17.7,1,99.18
2024-03-31,87.9,17.6,1,90.34
2024-04-01,67.6,19.9,0,88.91
2024-04-02,68.1,20.4,0,85.64
2024-04-03,70.6,18.4,0,86.58
2024-04-04,68.4,20.8,0,82.63
2024-04-05,76.1,21.2,0,101.19
2024-04-06,77.2,21.2,0,91.94
2024-04-07,72.2,20.1,0,88.48
2024-04-08,62.3,19.2,0,88.51
2024-04-09,68.0,21.9,0,82.08
2024-04-10,63.5,19.3,0,81.02
2024-04-11,67.9,20.6,0,88.35
2024-04-12,67.2,21.5,0,81.07
2024-04-13,79.1,22.5,0,91.37
2024-04-14,73.7,20.5,0,96.73
2024-04-15,71.6,20.5,0,82.83
2024-04-16,54.9,21.0,0,82.09
2024-04-17,57.9,20.6,0,87.1
2024-04-18,70.0,22.0,0,80.82
2024-04-19,73.8,22.0,0,91.09
2024-04-20,74.2,23.0,0,89.95
2024-04-21,73.3,20.5,0,81.84
2024-04-22,64.2,21.7,0,85.63
2024-04-23,65.5,19.7,0,89.79
2024-04-24,59.2,20.2,0,88.73
2024-04-25,62.3,22.9,0,83.96
2024-04-26,77.0,20.6,0,97.8
2024-04-27,72.3,18.3,0,90.11
2024-04-28,68.9,20.3,0,87.86
2024-04-29,62.6,20.4,0,81.03
2024-04-30,66.2,18.6,0,84.41
2024-05-01,61.0,21.6,0,87.06
2024-05-02,60.9,22.6,0,84.67
2024-05-03,72.4,20.7,0,95.26
2024-05-04,73.6,22.9,0,90.93
2024-05-05,75.9,18.6,0,90.52
2024-05-06,60.3,22.7,0,95.72
2024-05-07,62.0,21.7,0,82.72
2024-05-08,64.6,25.0,0,88.16
2024-05-09,52.7,21.9,0,88.44
2024-05-10,69.7,21.9,0,89.42
2024-05-11,70.7,21.9,0,92.6
2024-05-12,68.4,21.6,0,91.43
2024-05-13,56.1,21.6,0,74.33
2024-05-14,61.7,23.2,0,92.84
2024-05-15,64.1,22.6,0,83.69
2024-05-16,58.7,22.7,0,83.87
2024-05-17,65.9,22.8,0,94.51
2024-05-18,66.8,21.5,0,86.17
2024-05-19,73.7,25.2,0,89.54
2024-05-20,63.3,21.2,0,88.31
2024-05-21,58.3,24.0,0,80.14
2024-05-22,53.7,22.5,0,85.08
2024-05-23,52.8,24.2,0,81.65
2024-05-24,65.4,22.5,0,84.63
2024-05-25,65.3,24.4,0,82.29
2024-05-26,67.5,23.7,0,89.92
2024-05-27,52.8,24.7,0,70.99
2024-05-28,56.7,25.9,0,79.83
2024-05-29,59.2,23.5,0,80.01
2024-05-30,50.2,23.4,0,82.97
2024-05-31,75.0,19.9,0,101.95
2024-06-01,68.0,23.4,0,90.12
2024-06-02,67.7,24.7,0,93.49
2024-06-03,51.4,23.1,0,74.66
2024-06-04,52.4,23.6,0,87.28
2024-06-05,60.4,23.3,0,78.95
2024-06-06,59.9,20.9,0,80.78
2024-06-07,55.6,24.9,0,81.02
2024-06-08,69.8,22.7,0,81.3
2024-06-09,68.1,21.9,0,90.57
2024-06-10,58.6,25.2,0,88.47
2024-06-11,51.7,24.4,0,84.35
2024-06-12,57.1,24.7,0,75.55
2024-06-13,53.7,24.2,0,72.05
2024-06-14,67.3,23.1,0,84.81
2024-06-15,72.5,25.3,0,97.69
2024-06-16,67.7,22.9,0,77.37
2024-06-17,60.2,24.5,0,78.73
2024-06-18,55.0,22.8,0,89.56
2024-06-19,52.2,22.7,0,84.81
2024-06-20,56.4,25.4,0,87.15
2024-06-21,69.6,23.2,0,88.57
2024-06-22,71.4,26.6,0,90.2
2024-06-23,65.3,22.6,0,87.12
2024-06-24,57.7,26.0,0,81.9
2024-06-25,55.2,24.1,0,71.31
2024-06-26,50.0,25.6,0,78.77
2024-06-27,57.4,25.6,0,88.81
2024-06-28,67.5,22.1,0,82.4
2024-06-29,64.6,25.5,0,89.73
2024-06-30,65.7,24.2,0,85.6
2024-07-01,50.4,23.4,0,77.09
2024-07-02,57.9,26.2,0,88.43
2024-07-03,63.4,25.3,0,84.44
2024-07-04,57.9,25.4,0,76.22
2024-07-05,69.6,26.8,0,80.92
2024-07-06,69.1,26.3,0,93.18
2024-07-07,64.5,25.0,0,87.56
2024-07-08,59.5,23.8,0,79.07
2024-07-09,55.6,27.0,0,85.2
2024-07-10,70.6,24.0,0,87.57
2024-07-11,60.0,22.7,0,92.16
2024-07-12,63.9,27.7,0,81.81
2024-07-13,62.3,27.9,0,78.56
2024-07-14,74.5,22.7,0,83.17
2024-07-15,62.2,25.6,0,80.26
2024-07-16,61.4,23.1,0,81.35
2024-07-17,54.5,26.0,0,78.12
2024-07-18,57.8,24.5,0,80.4
2024-07-19,64.3,23.1,0,80.53
2024-07-20,73.7,26.4,0,93.71
2024-07-21,67.3,23.9,0,92.87
2024-07-22,68.1,25.7,0,81.88
2024-07-23,62.6,24.2,0,92.42
2024-07-24,59.3,27.5,0,89.14
2024-07-25,65.9,26.7,0,92.87
2024-07-26,61.2,24.5,0,81.74
2024-07-27,66.3,22.1,0,81.47
2024-07-28,68.0,25.7,0,93.8
2024-07-29,64.9,23.8,0,74.99
2024-07-30,64.9,26.8,0,84.35
2024-07-31,62.0,27.3,0,82.32
2024-08-01,53.4,25.2,0,78.55
2024-08-02,67.4,26.4,0,82.9
2024-08-03,65.0,23.3,0,85.02
2024-08-04,74.3,25.9,0,88.59
2024-08-05,58.5,27.4,0,84.58
2024-08-06,62.5,23.2,0,80.18
2024-08-07,67.4,26.1,0,86.5
2024-08-08,59.6,25.4,0,86.46
2024-08-09,71.6,26.3,0,89.1
2024-08-10,67.1,25.1,0,81.83
2024-08-11,68.7,24.9,0,84.42
2024-08-12,59.5,26.7,0,86.45
2024-08-13,59.2,25.0,0,82.54
2024-08-14,59.3,25.6,0,82.56
2024-08-15,57.3,23.0,0,82.26
2024-08-16,75.2,25.4,0,94.04
2024-08-17,64.9,25.8,0,88.22
2024-08-18,68.4,24.6,0,104.4
2024-08-19,57.0,24.7,0,90.33
2024-08-20,49.0,22.0,0,83.06
2024-08-21,61.8,23.3,0,89.09
2024-08-22,58.6,24.3,0,80.88
2024-08-23,61.1,24.2,0,85.03
2024-08-24,63.5,27.7,0,89.53
2024-08-25,59.8,25.7,0,91.16
2024-08-26,58.2,22.9,0,83.19
2024-08-27,63.2,27.8,0,82.95
2024-08-28,61.7,22.6,0,86.1
2024-08-29,51.5,22.9,0,79.15
2024-08-30,58.7,23.2,0,81.84
2024-08-31,67.6,24.3,0,89.68
2024-09-01,72.1,28.0,0,95.55
2024-09-02,56.5,24.0,0,79.85
2024-09-03,60.4,25.1,0,93.1
2024-09-04,50.5,22.2,0,80.26
2024-09-05,55.6,23.6,0,74.97
2024-09-06,66.7,27.8,0,89.34
2024-09-07,63.3,26.0,0,86.65
2024-09-08,64.0,25.4,0,88.45
2024-09-09,58.6,26.2,0,75.8
2024-09-10,53.4,24.8,0,84.7
2024-09-11,51.9,24.7,0,85.58
2024-09-12,58.8,22.4,0,78.23
2024-09-13,65.8,21.7,0,81.51
2024-09-14,60.9,22.9,0,89.19
2024-09-15,66.7,23.3,0,97.97
2024-09-16,53.7,22.6,0,89.9
2024-09-17,58.6,24.7,0,76.85
2024-09-18,56.0,26.2,0,91.11
2024-09-19,55.0,23.5,0,76.58
2024-09-20,62.1,21.3,0,84.47
2024-09-21,66.1,21.7,0,85.31
2024-09-22,65.2,24.9,0,92.84
2024-09-23,64.1,24.5,0,91.94
2024-09-24,56.4,23.6,0,82.56
2024-09-25,51.3,24.1,0,82.98
2024-09-26,65.1,24.8,0,81.86
2024-09-27,57.8,23.2,0,84.15
2024-09-28,72.7,23.5,0,96.66
2024-09-29,62.8,22.5,0,86.29
2024-09-30,62.9,20.1,0,82.85
2024-10-01,56.8,23.0,0,89.52
2024-10-02,59.8,22.7,0,82.43
2024-10-03,57.9,23.3,0,84.5
2024-10-04,66.5,21.9,0,88.62
2024-10-05,69.2,23.2,0,89.23
2024-10-06,64.8,23.1,0,83.69
2024-10-07,60.4,21.8,0,84.16
2024-10-08,54.3,20.9,0,80.47
2024-10-09,55.9,21.3,0,81.77
2024-10-10,57.0,22.7,0,72.09
2024-10-11,67.8,23.4,0,85.33
2024-10-12,73.3,24.7,0,87.83
2024-10-13,65.3,21.9,0,92.9
2024-10-14,56.3,22.7,0,88.51
2024-10-15,55.5,23.6,0,74.44
2024-10-16,58.5,20.4,0,77.53
2024-10-17,62.6,22.7,0,88.4
2024-10-18,66.6,21.1,0,87.31
2024-10-19,68.6,21.1,0,84.3
2024-10-20,67.6,22.7,0,82.62
2024-10-21,61.5,21.2,0,82.36
2024-10-22,53.3,21.9,0,78.86
2024-10-23,64.0,19.8,0,79.55
2024-10-24,65.5,21.2,0,88.69
2024-10-25,67.7,20.0,0,94.61
2024-10-26,70.9,20.7,0,87.84
2024-10-27,67.8,25.2,0,88.61
2024-10-28,66.6,21.1,0,76.77
2024-10-29,65.4,20.6,0,81.18
2024-10-30,74.7,20.3,0,81.68
2024-10-31,62.4,19.7,0,88.15
2024-11-01,69.0,23.4,0,92.7
2024-11-02,70.8,19.7,0,83.06
2024-11-03,67.9,24.1,0,84.65
2024-11-04,65.0,20.2,0,81.21
2024-11-05,65.6,22.3,0,84.25
2024-11-06,68.3,20.6,0,80.33
2024-11-07,66.4,19.4,0,90.69
2024-11-08,72.3,20.0,0,85.03
2024-11-09,79.4,22.1,0,86.31
2024-11-10,76.7,19.9,0,85.56
2024-11-11,68.9,17.3,0,85.92
2024-11-12,61.2,22.8,0,90.65
2024-11-13,62.7,18.9,0,86.51
2024-11-14,63.7,19.4,0,86.24
2024-11-15,73.9,22.0,0,86.42
2024-11-16,66.9,17.3,0,82.46
2024-11-17,80.7,18.9,0,93.79
2024-11-18,66.2,20.6,0,90.97
2024-11-19,70.7,20.5,0,94.06
2024-11-20,70.6,20.3,0,88.42
2024-11-21,73.7,18.0,0,83.62
2024-11-22,79.2,20.7,0,88.72
2024-11-23,78.6,18.6,0,91.42
2024-11-24,74.4,19.5,0,91.48
2024-11-25,69.0,17.8,0,88.34
2024-11-26,75.7,21.7,0,95.55
2024-11-27,61.9,18.5,0,87.84
2024-11-28,66.3,18.9,0,90.17
2024-11-29,79.4,18.1,0,97.83
2024-11-30,85.0,19.5,0,95.67
2024-12-01,74.3,16.9,0,96.07
2024-12-02,68.1,18.6,0,85.94
2024-12-03,70.7,18.4,0,86.3
2024-12-04,82.7,21.1,0,101.54
2024-12-05,67.0,18.1,0,86.97
2024-12-06,79.0,18.3,0,102.71
2024-12-07,82.8,18.7,0,83.59
2024-12-08,77.2,20.0,0,92.75
2024-12-09,72.7,21.4,0,92.1
2024-12-10,73.0,19.0,0,101.07
2024-12-11,70.1,19.1,0,93.6
2024-12-12,73.1,20.7,0,87.53
2024-12-13,87.7,18.3,0,96.85
2024-12-14,81.5,18.8,0,89.25
2024-12-15,79.5,17.3,0,88.97
2024-12-16,69.3,17.9,0,90.92
2024-12-17,73.4,16.9,0,91.17
2024-12-18,76.8,21.3,0,100.31
2024-12-19,73.4,19.2,0,76.26
2024-12-20,83.2,19.0,0,92.93
2024-12-21,92.6,16.4,0,101.23
2024-12-22,79.1,18.0,0,98.78
2024-12-23,69.0,16.8,0,88.96
2024-12-24,83.5,16.7,1,94.17
2024-12-25,81.7,15.7,1,95.92
2024-12-26,85.0,16.7,1,109.05
2024-12-27,96.8,21.6,1,103.19
2024-12-28,93.4,16.7,1,92.79
2024-12-29,91.3,18.6,1,93.06
2024-12-30,85.2,19.0,1,96.52
2024-12-31,85.2,18.2,1,90.53
2025-01-01,82.9,18.7,1,97.63
2025-01-02,81.1,16.0,1,93.76
2025-01-03,95.2,19.8,1,97.91
2025-01-04,91.8,20.6,1,98.42
2025-01-05,88.1,17.5,1,88.84
2025-01-06,86.5,16.3,1,91.33
2025-01-07,72.8,16.1,0,88.15
2025-01-08,72.8,15.4,0,89.53
2025-01-09,77.6,18.2,0,91.92
2025-01-10,81.0,18.6,0,93.34
2025-01-11,83.5,19.8,0,104.33
2025-01-12,80.3,15.3,0,84.37
2025-01-13,69.2,18.5,0,94.45
2025-01-14,76.5,18.3,0,93.64
2025-01-15,81.6,16.8,0,89.32
2025-01-16,72.0,15.9,0,89.86
2025-01-17,89.2,17.6,0,93.12
2025-01-18,88.8,20.5,0,94.57
2025-01-19,90.6,15.2,0,98.24
2025-01-20,71.4,16.3,0,91.55
2025-01-21,73.1,16.3,0,90.69
2025-01-22,82.3,16.9,0,98.37
2025-01-23,75.6,18.8,0,83.91
2025-01-24,84.8,16.4,0,100.73
2025-01-25,87.7,13.7,0,96.48
2025-01-26,87.3,15.2,0,90.4
2025-01-27,73.7,15.2,0,95.82
2025-01-28,75.0,17.5,0,91.39
2025-01-29,78.5,17.3,0,90.41
2025-01-30,77.0,15.4,0,90.51
2025-01-31,82.0,18.2,0,90.6
2025-02-01,90.0,14.4,0,88.78
2025-02-02,88.3,16.8,0,95.82
2025-02-03,74.7,19.1,0,91.96
2025-02-04,73.7,14.7,0,86.92
2025-02-05,79.6,18.0,0,91.27
2025-02-06,66.3,18.7,0,74.02
2025-02-07,85.3,16.4,0,99.79
2025-02-08,82.5,17.4,0,89.58
2025-02-09,82.2,14.9,0,87.37
2025-02-10,79.3,17.7,0,95.24
2025-02-11,77.0,15.4,0,96.64
2025-02-12,88.0,16.4,0,97.2
2025-02-13,74.9,17.9,0,94.55
2025-02-14,86.2,16.7,0,94.85
2025-02-15,79.1,15.6,0,89.62
2025-02-16,88.6,17.2,0,103.16
2025-02-17,73.2,16.9,0,77.49
2025-02-18,76.4,16.1,0,84.61
2025-02-19,80.6,14.4,0,91.52
2025-02-20,80.1,17.1,0,96.6
2025-02-21,86.3,18.7,0,96.57
2025-02-22,89.4,16.5,0,95.17
2025-02-23,82.4,16.6,0,92.48
2025-02-24,71.4,16.7,0,92.28
2025-02-25,69.0,18.1,0,86.38
2025-02-26,77.2,15.3,0,92.04
2025-02-27,82.7,18.7,0,94.75
2025-02-28,82.5,20.7,0,87.58
2025-03-01,83.7,18.3,0,89.61
2025-03-02,82.3,17.8,0,91.15
2025-03-03,76.4,18.4,0,92.26
2025-03-04,67.1,18.5,0,92.56
2025-03-05,77.7,17.3,0,87.53
2025-03-06,78.5,17.6,0,82.3
2025-03-07,80.3,17.6,0,97.89
2025-03-08,78.9,18.7,0,84.83
2025-03-09,79.3,20.8,0,97.15
2025-03-10,75.9,18.2,0,86.76
2025-03-11,79.3,21.1,0,88.46
2025-03-12,69.4,16.8,0,87.38
2025-03-13,67.1,19.3,0,82.38
2025-03-14,82.6,17.1,0,97.53
2025-03-15,83.1,18.4,0,96.69
2025-03-16,84.7,18.2,0,81.51
2025-03-17,70.0,15.5,0,87.75
2025-03-18,75.5,18.0,0,82.97
2025-03-19,76.8,19.1,0,91.49
2025-03-20,65.7,19.0,0,89.03
2025-03-21,79.9,16.4,0,88.19
2025-03-22,83.4,16.5,0,93.82
2025-03-23,83.9,19.6,0,93.41
2025-03-24,69.4,17.2,0,90.01
2025-03-25,63.7,21.9,0,85.53
2025-03-26,68.2,19.3,0,82.97
2025-03-27,65.4,19.4,0,89.4
2025-03-28,77.9,18.7,0,93.06
2025-03-29,83.9,17.9,0,84.48
2025-03-30,77.1,19.5,0,89.11
2025-03-31,70.8,18.8,0,83.7
2025-04-01,74.4,21.5,1,89.08
2025-04-02,82.8,19.5,1,80.53
2025-04-03,67.4,19.7,0,84.18
2025-04-04,74.5,21.0,0,99.4
2025-04-05,86.0,20.9,0,87.51
2025-04-06,79.7,16.5,0,92.03
2025-04-07,71.9,22.5,0,98.16
2025-04-08,61.0,17.4,0,86.56
2025-04-09,74.5,18.2,0,95.01
2025-04-10,75.4,19.3,0,89.45
2025-04-11,76.8,18.7,0,84.0
2025-04-12,76.0,22.6,0,85.54
2025-04-13,74.7,20.0,0,92.47
2025-04-14,72.1,18.4,0,84.67
2025-04-15,61.3,19.6,0,83.6
2025-04-16,68.7,19.0,0,83.85
2025-04-17,75.2,19.2,0,81.23
2025-04-18,76.6,20.9,0,76.81
2025-04-19,83.7,21.2,0,97.63
2025-04-20,75.7,20.2,0,83.25
2025-04-21,65.2,18.5,0,80.32
2025-04-22,69.9,19.6,0,88.18
2025-04-23,65.8,22.0,0,85.46
2025-04-24,66.2,21.5,0,84.55
2025-04-25,73.0,20.3,0,91.29
2025-04-26,69.6,22.0,0,90.51
2025-04-27,73.0,18.1,0,87.56
2025-04-28,67.9,20.0,0,82.84
2025-04-29,69.2,21.1,0,92.44
2025-04-30,64.4,21.6,0,85.53
2025-05-01,65.7,22.8,0,83.78
2025-05-02,69.5,21.4,0,86.5
2025-05-03,72.4,21.8,0,94.97
2025-05-04,72.2,21.7,0,99.83
2025-05-05,63.1,19.9,0,84.44
2025-05-06,63.7,21.3,0,83.84
2025-05-07,64.7,23.8,0,89.17
2025-05-08,68.0,22.8,0,90.19
2025-05-09,75.0,21.3,0,95.36
2025-05-10,73.8,21.9,0,89.8
2025-05-11,66.7,24.5,0,82.78
2025-05-12,59.1,24.3,0,89.82
2025-05-13,62.3,24.9,0,81.28
2025-05-14,62.4,24.0,0,82.22
2025-05-15,64.7,22.0,0,82.16
2025-05-16,63.6,22.0,0,86.74
2025-05-17,71.2,19.9,0,81.47
2025-05-18,70.8,24.3,0,84.48
2025-05-19,59.8,24.3,0,93.06
2025-05-20,57.8,25.9,0,88.08
2025-05-21,61.7,21.4,0,89.4
2025-05-22,60.0,25.2,0,89.09
2025-05-23,71.3,23.6,0,98.61
2025-05-24,61.3,23.0,0,81.25
2025-05-25,65.5,23.3,0,86.77
2025-05-26,66.1,21.2,0,91.24
2025-05-27,60.8,22.9,0,82.91
2025-05-28,56.6,21.6,0,84.83
2025-05-29,58.3,22.4,0,81.01
2025-05-30,63.3,23.5,0,87.22
2025-05-31,74.0,22.5,0,92.36
2025-06-01,74.0,24.4,0,94.18
2025-06-02,62.7,22.3,0,89.21
2025-06-03,63.9,22.6,0,88.54
2025-06-04,60.8,22.6,0,73.64
2025-06-05,64.1,23.8,0,87.15
2025-06-06,70.3,24.0,0,87.99
2025-06-07,73.4,25.1,0,89.41
2025-06-08,67.6,23.2,0,83.0
2025-06-09,58.3,22.8,0,87.19
2025-06-10,56.4,24.3,0,83.74
2025-06-11,56.7,26.6,0,81.02
2025-06-12,52.3,25.3,0,81.74
2025-06-13,72.8,21.2,0,92.18
2025-06-14,73.1,24.2,0,84.75
2025-06-15,70.5,23.5,0,93.09
2025-06-16,62.5,23.8,0,86.51
2025-06-17,59.5,25.4,0,87.69
2025-06-18,60.6,24.3,0,82.19
2025-06-19,53.3,24.1,0,79.67
2025-06-20,67.4,21.9,0,82.31
2025-06-21,60.6,24.2,0,81.31
2025-06-22,65.2,23.3,0,87.89
2025-06-23,57.8,24.8,0,83.58
2025-06-24,57.8,26.1,0,84.74
2025-06-25,54.9,23.2,0,75.11
2025-06-26,64.3,24.2,0,85.51
2025-06-27,72.2,25.5,0,95.42
2025-06-28,66.3,22.2,0,85.63
2025-06-29,63.7,23.6,0,87.88
2025-06-30,57.8,22.5,0,80.8
2025-07-01,63.5,23.8,0,90.35
2025-07-02,52.4,24.6,0,80.97
2025-07-03,63.3,24.3,0,87.44
2025-07-04,68.7,26.9,0,88.58
2025-07-05,67.8,26.0,0,98.44
2025-07-06,73.6,25.2,0,87.64
2025-07-07,60.8,26.6,0,93.44
2025-07-08,59.5,27.8,0,77.34
2025-07-09,66.0,24.4,0,87.78
2025-07-10,54.9,24.7,0,86.35
2025-07-11,76.8,25.5,0,89.17
2025-07-12,67.2,26.6,0,92.35
2025-07-13,67.4,22.0,0,94.88
2025-07-14,68.1,25.0,0,87.2
2025-07-15,75.1,29.1,0,90.44
2025-07-16,67.0,25.2,0,85.12
2025-07-17,58.9,28.0,0,76.36
2025-07-18,62.7,28.9,0,82.97
2025-07-19,72.4,26.3,0,90.96
2025-07-20,71.6,28.6,0,92.4
2025-07-21,60.4,25.3,0,83.77
2025-07-22,62.3,22.6,0,82.4
2025-07-23,60.2,24.5,0,83.17
2025-07-24,66.2,27.4,0,84.86
2025-07-25,71.6,29.3,0,93.65
2025-07-26,71.2,26.1,0,90.38
2025-07-27,63.3,22.8,0,74.49
2025-07-28,64.0,25.3,0,85.46
2025-07-29,57.3,22.2,0,86.6
2025-07-30,65.9,25.4,0,74.98
2025-07-31,62.9,27.7,0,87.56
2025-08-01,63.9,23.9,0,85.13
2025-08-02,70.6,23.9,0,93.78
2025-08-03,67.1,24.5,0,84.3
2025-08-04,65.0,24.7,0,84.53
2025-08-05,64.5,26.1,0,84.03
2025-08-06,66.8,25.7,0,87.61
2025-08-07,59.4,26.3,0,89.31
2025-08-08,73.3,23.7,0,91.14
2025-08-09,65.8,27.0,0,91.89
2025-08-10,72.4,26.2,0,88.08
2025-08-11,61.1,23.8,0,84.78
2025-08-12,62.8,24.3,0,87.02
2025-08-13,61.6,24.1,0,88.41
2025-08-14,65.6,22.5,0,89.62
2025-08-15,69.0,28.0,0,95.99
2025-08-16,69.5,26.0,0,84.35
2025-08-17,75.6,25.1,0,89.29
2025-08-18,60.6,26.8,0,86.45
2025-08-19,58.6,24.8,0,90.52
2025-08-20,57.0,24.7,0,84.82
2025-08-21,60.4,26.9,0,80.56
2025-08-22,69.1,23.4,0,92.73
2025-08-23,71.6,23.6,0,86.28
2025-08-24,68.2,22.3,0,86.35
2025-08-25,62.4,23.8,0,91.58
2025-08-26,58.5,26.4,0,89.08
2025-08-27,65.7,23.9,0,80.03
2025-08-28,59.1,27.0,0,92.34
2025-08-29,70.9,23.9,0,90.33
2025-08-30,69.6,25.0,0,90.6
2025-08-31,62.7,23.0,0,69.53
2025-09-01,62.9,25.6,0,81.75
2025-09-02,57.0,27.6,0,82.18
2025-09-03,62.3,24.0,0,81.38
2025-09-04,50.6,22.0,0,77.17
2025-09-05,60.1,24.2,0,84.05
2025-09-06,59.5,25.4,0,85.26
2025-09-07,60.2,23.0,0,86.05
2025-09-08,56.7,27.2,0,76.29
2025-09-09,58.1,22.2,0,83.2
2025-09-10,54.3,25.0,0,79.32
2025-09-11,56.8,26.3,0,95.56
2025-09-12,64.5,24.5,0,87.22
2025-09-13,70.1,26.0,0,84.76
2025-09-14,70.0,24.7,0,87.2
2025-09-15,59.4,23.3,0,75.39
2025-09-16,60.8,23.1,0,84.3
2025-09-17,65.1,26.6,0,91.39
2025-09-18,60.9,21.0,0,90.0
2025-09-19,61.4,24.1,0,95.16
2025-09-20,66.6,22.4,0,84.47
2025-09-21,66.3,22.9,0,81.01
2025-09-22,61.8,24.8,0,84.73
2025-09-23,60.6,22.1,0,85.69
2025-09-24,62.2,21.0,0,84.65
2025-09-25,52.8,25.2,0,87.37
2025-09-26,73.5,25.2,0,87.77
2025-09-27,67.5,23.3,0,88.19
2025-09-28,72.1,21.8,0,94.14
2025-09-29,61.3,21.5,0,86.02
2025-09-30,56.0,23.5,0,89.54
2025-10-01,56.4,23.6,0,92.35
2025-10-02,62.2,23.6,0,87.66
2025-10-03,73.5,23.8,0,84.93
2025-10-04,65.5,22.7,0,94.04
2025-10-05,64.7,23.6,0,81.96
2025-10-06,52.3,22.5,0,80.23
2025-10-07,56.9,23.1,0,76.25
2025-10-08,57.8,22.1,0,79.56
2025-10-09,59.7,22.8,0,78.47
2025-10-10,72.5,20.9,0,89.14
2025-10-11,68.3,21.9,0,80.24
2025-10-12,66.0,20.4,0,81.89
2025-10-13,60.1,23.0,0,82.68
2025-10-14,61.5,21.1,0,91.8
2025-10-15,62.5,20.9,0,83.28
2025-10-16,62.7,20.9,0,78.24
2025-10-17,70.6,20.5,0,83.86
2025-10-18,73.7,20.3,0,101.54
2025-10-19,70.6,22.6,0,82.19
2025-10-20,58.8,22.4,0,76.5
2025-10-21,62.4,22.9,0,86.25
2025-10-22,70.7,20.6,0,89.64
2025-10-23,60.3,21.8,0,87.67
2025-10-24,82.4,18.4,0,85.53
2025-10-25,71.0,22.6,0,88.03
2025-10-26,76.0,19.7,0,88.53
2025-10-27,58.0,23.1,0,90.81
2025-10-28,64.2,22.1,0,91.71
2025-10-29,70.5,24.2,0,78.82
2025-10-30,60.4,21.7,0,89.26
2025-10-31,71.4,19.9,0,86.54
2025-11-01,75.7,24.1,0,89.68
2025-11-02,76.0,22.7,0,88.33
2025-11-03,60.0,22.4,0,75.25
2025-11-04,61.1,23.4,0,83.21
2025-11-05,67.4,20.5,0,81.28
2025-11-06,67.7,17.0,0,88.19
2025-11-07,78.6,20.1,0,88.86
2025-11-08,75.3,19.5,0,91.13
2025-11-09,78.6,21.3,0,86.24
2025-11-10,72.1,19.6,0,81.98
2025-11-11,62.7,21.1,0,88.82
2025-11-12,71.8,18.8,0,80.43
2025-11-13,70.9,21.8,0,93.25
2025-11-14,82.2,20.9,0,97.0
2025-11-15,75.9,18.8,0,89.59
2025-11-16,77.5,22.0,0,91.76
2025-11-17,69.1,22.1,0,83.18
2025-11-18,67.1,20.7,0,87.27
2025-11-19,73.2,18.8,0,79.68
2025-11-20,70.3,20.2,0,89.72
2025-11-21,74.7,19.7,0,87.8
2025-11-22,79.8,18.8,0,91.27
2025-11-23,74.8,19.3,0,81.1
2025-11-24,64.1,19.1,0,89.67
2025-11-25,66.3,17.2,0,95.06
2025-11-26,70.7,19.1,0,87.87
2025-11-27,71.2,17.5,0,87.75
2025-11-28,79.5,19.0,0,100.96
2025-11-29,82.3,18.7,0,94.12
2025-11-30,87.9,20.3,0,93.16
2025-12-01,67.1,18.2,0,76.24
2025-12-02,73.4,19.1,0,95.56
2025-12-03,73.0,16.6,0,86.95
2025-12-04,67.4,20.5,0,90.39
2025-12-05,79.3,22.0,0,96.7
2025-12-06,82.2,18.5,0,94.93
2025-12-07,81.7,19.4,0,94.26
2025-12-08,69.5,19.6,0,85.58
2025-12-09,75.9,18.2,0,91.59
2025-12-10,74.0,19.8,0,90.54
2025-12-11,75.8,17.6,0,91.74
2025-12-12,88.6,18.2,0,88.67
2025-12-13,77.6,18.2,0,85.6
2025-12-14,86.6,17.3,0,90.36
2025-12-15,75.7,16.1,0,96.06
2025-12-16,70.6,19.7,0,89.47
2025-12-17,74.0,18.3,0,80.41
2025-12-18,72.7,16.9,0,94.29
2025-12-19,78.9,16.2,0,97.87
2025-12-20,86.8,17.7,0,95.23
2025-12-21,80.7,16.4,0,102.71
2025-12-22,67.0,18.7,0,90.49
2025-12-23,78.2,17.9,0,96.45
2025-12-24,82.3,18.4,1,101.15
2025-12-25,85.7,19.3,1,97.2
2025-12-26,94.2,18.0,1,94.9
2025-12-27,92.3,18.6,1,92.99
2025-12-28,92.2,19.4,1,92.41
2025-12-29,74.9,18.4,1,89.39
2025-12-30,83.3,14.1,1,92.45
2025-12-31,80.6,19.3,1,89.0
