pregunta,respuesta_esperada
¿Hasta cuándo puedo cancelar gratis una reserva flexible?,Hasta 48 horas antes de la llegada.
¿Se devuelve el dinero de una tarifa no reembolsable?,"No, salvo causa de fuerza mayor documentada."
¿A qué hora es el check-in?,A partir de las 15:00.
¿A qué hora hay que dejar la habitación?,Hasta las 11:00.
¿Cuánto cuesta la entrada anticipada?,"20 euros de suplemento, según disponibilidad."
¿Puedo dejar el equipaje antes de la entrada?,"Sí, hay consigna gratuita."
¿Admiten perros?,"Sí, hasta 10 kg en apartamentos, con suplemento de 15 euros por estancia."
¿Se admiten mascotas en las suites?,No.
¿Los bebés pagan?,Los niños hasta 3 años se alojan gratis en cuna.
¿Qué descuento tienen los niños de 8 años?,Un 50 % en la habitación familiar.
¿A qué hora es el desayuno?,De 7:30 a 10:30.
¿Qué incluye la media pensión?,"Desayuno y cena, sin bebidas."
¿Hay opciones sin gluten?,"Sí, avisando con 24 horas de antelación."
¿Aceptan cheques?,No.
¿Qué porcentaje se cobra como depósito parcial?,"El 30 %, al confirmar la reserva."
¿El wifi tiene coste?,"No, es gratuito."
¿Cuánto cuesta el aparcamiento?,8 euros al día con reserva previa.
¿Hasta qué hora está abierta la piscina?,Hasta las 20:00.
¿Se puede fumar en la habitación?,No.
¿Tienen gimnasio?,No consta en la política: la respuesta correcta es que no hay información.
