id_usuario,id_experiencia,valoracion
1,10,1
1,22,4
1,7,2
1,15,5
1,17,3
1,12,3
1,8,2
1,19,4
1,6,1
1,4,1
2,14,3
2,7,3
2,11,4
2,16,3
2,19,3
2,1,1
2,21,3
2,4,4
2,20,3
2,8,3
3,19,3
3,8,2
3,24,3
3,17,1
3,20,4
3,9,2
3,10,1
3,11,5
4,5,5
4,2,4
4,10,2
4,4,2
4,13,5
5,13,5
5,5,1
5,18,2
5,8,3
5,22,4
6,22,5
6,3,5
6,19,3
6,24,3
6,25,2
6,20,3
6,13,3
6,18,2
6,9,2
6,17,2
6,1,1
7,12,4
7,16,2
7,5,3
7,19,4
8,11,4
8,20,2
8,17,3
8,19,2
8,24,5
8,12,2
8,14,2
8,2,5
9,20,4
9,3,5
9,24,3
9,7,1
9,1,1
9,25,3
9,4,2
10,22,5
10,24,4
10,2,4
10,19,4
10,18,1
10,14,3
10,11,5
11,2,2
11,14,2
11,9,1
11,5,5
11,1,2
11,16,1
11,19,5
12,24,4
12,8,4
12,6,4
12,17,3
13,8,3
13,14,2
13,13,5
13,23,1
14,18,2
14,5,3
14,20,3
14,2,3
14,3,5
14,12,3
14,13,2
14,4,1
15,24,3
15,15,5
15,9,2
15,2,3
15,20,4
15,22,4
15,5,2
15,1,1
15,13,3
16,21,3
16,14,2
16,12,3
16,19,4
17,12,3
17,1,1
17,15,2
17,3,4
17,25,3
18,3,5
18,1,2
18,20,4
18,10,1
18,22,3
18,25,4
18,5,2
19,9,5
19,7,4
19,18,1
19,19,3
19,12,5
19,3,4
19,14,2
19,17,4
19,23,1
19,15,4
20,3,3
20,15,3
20,25,2
20,18,1
20,24,5
20,14,2
20,8,5
20,11,4
20,20,3
21,21,2
21,12,1
21,3,3
21,20,3
21,23,2
21,14,1
21,1,2
21,7,2
21,24,3
22,6,5
22,4,5
22,5,1
22,20,2
22,13,5
22,12,2
22,22,3
22,14,2
22,15,3
22,8,3
22,21,3
23,5,4
23,25,2
23,24,4
23,12,3
23,16,1
23,13,3
23,22,4
23,19,5
23,11,5
23,20,4
23,10,3
24,16,3
24,20,3
24,25,4
24,13,2
24,3,4
24,15,3
24,17,1
24,4,2
25,17,2
25,13,3
25,4,1
25,10,2
25,19,4
25,7,1
25,2,4
25,15,4
25,5,2
26,14,3
26,15,2
26,13,4
26,21,5
26,19,5
26,17,1
26,23,3
26,18,3
27,14,3
27,10,2
27,8,4
27,1,3
27,5,3
27,7,3
28,2,5
28,21,3
28,14,2
28,18,1
29,17,3
29,22,5
29,9,1
29,11,5
29,13,2
29,4,1
29,12,2
29,7,2
29,5,2
29,10,3
30,15,2
30,13,4
30,16,1
30,19,5
30,21,5
30,1,2
30,5,5
30,20,4
30,11,5
31,14,2
31,25,2
31,16,2
31,12,4
31,3,4
31,9,3
31,5,4
31,10,2
31,2,4
31,23,1
31,22,4
32,7,3
32,23,2
32,20,3
32,3,3
33,12,4
33,6,2
33,10,2
33,9,1
33,24,4
33,5,5
34,10,1
34,22,4
34,7,5
34,5,5
34,3,2
34,2,4
35,23,1
35,1,2
35,5,2
35,11,3
35,20,3
35,3,4
35,14,2
35,9,5
35,22,3
35,25,2
36,9,2
36,21,5
36,14,3
36,17,1
36,4,1
36,24,3
36,22,5
36,8,4
36,25,3
36,16,1
37,22,3
37,7,4
37,25,3
37,12,4
37,3,3
37,11,4
37,15,2
38,14,2
38,6,3
38,17,1
38,3,2
38,20,3
39,25,3
39,5,2
39,3,2
39,11,4
39,13,5
39,8,4
40,21,3
40,14,3
40,18,1
40,11,5
40,6,3
40,23,1
40,3,5
40,25,2
40,7,2
40,10,2
41,1,1
41,25,2
41,5,3
41,11,5
41,20,3
41,12,3
41,21,4
41,2,5
41,13,5
41,14,2
42,18,2
42,16,3
42,12,2
42,15,5
43,10,3
43,16,3
43,21,3
43,7,3
43,18,1
43,2,4
43,6,4
44,14,3
44,19,3
44,1,2
44,16,3
44,11,5
44,15,3
44,3,4
45,16,4
45,15,3
45,19,3
45,21,3
45,8,5
45,4,4
46,4,2
46,24,5
46,16,2
46,15,2
46,1,2
46,14,1
46,20,3
46,6,5
46,17,1
47,11,4
47,22,4
47,16,2
47,1,2
47,9,4
47,8,5
47,18,1
47,20,3
48,20,3
48,14,3
48,3,3
48,7,1
48,10,2
48,2,3
49,7,2
49,18,3
49,13,5
49,1,3
49,25,5
49,4,1
49,21,5
49,5,5
50,21,2
50,1,1
50,4,4
50,12,1
50,17,1
50,22,5
50,6,1
51,20,4
51,22,5
51,16,3
51,5,1
51,10,2
51,13,4
52,11,5
52,15,5
52,24,3
52,21,3
52,22,4
52,25,4
52,6,1
52,4,2
52,23,1
53,8,4
53,22,5
53,23,1
53,17,1
53,3,3
53,7,3
53,19,5
53,13,4
53,14,3
53,15,3
54,2,5
54,17,4
54,14,2
54,22,3
54,20,2
54,10,2
54,5,3
55,2,5
55,11,5
55,4,3
55,20,2
55,19,3
55,7,3
55,25,4
55,22,4
55,13,5
56,22,5
56,6,3
56,7,3
56,1,3
56,19,5
56,20,3
56,21,5
56,3,2
56,5,5
57,21,5
57,1,2
57,18,1
57,13,5
57,14,2
57,25,4
57,19,5
57,2,3
57,7,3
58,17,1
58,3,3
58,4,2
58,15,3
58,25,4
58,10,1
59,7,3
59,15,4
59,10,1
59,19,2
59,23,1
60,10,2
60,15,5
60,3,5
60,13,3
60,23,1
60,5,2
60,14,3
61,9,4
61,21,4
61,4,3
61,6,4
61,3,2
61,13,5
62,11,5
62,9,2
62,4,1
62,7,2
62,20,4
62,8,3
62,12,4
62,14,3
62,6,2
63,11,5
63,2,4
63,4,1
63,12,2
63,18,1
63,19,3
63,6,1
63,9,2
64,17,3
64,25,3
64,1,2
64,20,5
65,8,2
65,11,4
65,15,5
65,17,3
65,13,4
65,10,1
65,1,2
65,4,3
65,25,3
65,24,4
65,21,2
66,5,1
66,11,2
66,22,5
66,15,4
66,25,4
66,3,3
66,17,2
66,16,3
66,19,2
67,1,2
67,13,5
67,9,4
67,4,2
67,22,3
67,21,5
68,22,5
68,12,2
68,9,2
68,5,1
68,16,3
68,8,2
68,4,3
68,15,4
68,24,3
68,17,2
68,10,1
69,22,4
69,1,3
69,4,1
69,6,2
69,25,3
69,19,3
69,18,2
70,22,5
70,5,1
70,16,4
70,20,4
70,9,2
71,15,3
71,13,4
71,19,2
71,7,1
71,6,2
71,25,4
71,14,3
71,20,3
71,1,2
72,19,5
72,11,5
72,3,2
72,15,2
72,9,2
72,10,2
72,13,3
72,21,5
72,14,3
73,14,3
73,20,3
73,10,2
73,5,3
73,23,1
73,24,3
74,16,3
74,23,1
74,10,1
74,6,1
74,21,3
75,12,1
75,17,2
75,15,3
75,2,3
75,10,1
76,2,4
76,18,2
76,25,3
76,9,2
76,17,1
76,12,5
77,10,1
77,6,1
77,8,4
77,4,1
78,24,4
78,3,3
78,25,3
78,22,3
78,9,5
78,19,3
78,10,2
78,18,2
78,2,5
78,11,4
79,10,2
79,15,3
79,14,2
79,12,3
79,9,5
79,17,5
80,15,4
80,2,2
80,4,2
80,5,1
80,7,2
80,24,4
81,20,3
81,23,1
81,25,3
81,5,2
81,12,2
81,4,2
81,1,3
81,18,1
81,10,1
81,15,5
81,17,2
82,21,4
82,9,5
82,17,5
82,11,3
83,10,3
83,8,3
83,16,4
83,15,4
83,4,2
83,7,4
83,3,5
83,21,3
83,20,3
83,13,4
83,12,3
84,12,4
84,8,4
84,22,4
84,24,4
84,4,2
84,20,3
84,11,5
84,17,2
84,10,2
84,9,2
85,23,1
85,15,3
85,7,4
85,14,2
85,3,4
85,9,4
86,10,2
86,11,5
86,22,5
86,9,2
87,20,4
87,14,3
87,2,3
87,1,2
87,17,3
87,6,1
87,13,3
87,16,3
87,12,3
87,25,2
88,16,2
88,19,3
88,21,3
88,14,4
89,20,4
89,8,1
89,22,3
89,11,5
89,24,3
89,21,3
89,2,4
90,1,2
90,12,3
90,13,5
90,18,2
90,6,5
90,14,2
91,7,3
91,3,4
91,1,2
91,25,4
91,19,5
92,16,1
92,11,5
92,13,2
92,15,4
92,20,3
92,24,4
93,17,1
93,10,1
93,9,1
93,20,4
94,11,4
94,2,5
94,19,3
94,14,1
94,10,2
94,21,5
94,16,3
94,1,2
94,7,5
95,6,4
95,11,4
95,12,3
95,1,2
95,23,1
95,20,3
95,10,2
95,16,2
95,21,5
96,18,2
96,25,4
96,16,4
96,21,1
96,1,3
96,10,1
96,9,4
96,12,1
96,2,4
96,13,4
97,18,2
97,21,2
97,8,4
97,16,3
97,4,4
97,12,3
97,1,1
98,24,2
98,21,3
98,12,3
98,16,2
99,20,4
99,8,3
99,25,1
99,18,1
99,11,5
100,9,2
100,6,3
100,2,4
100,20,4
100,1,1
101,9,3
101,5,1
101,4,3
101,2,4
102,22,4
102,9,4
102,16,4
102,2,5
102,14,1
102,23,1
102,19,3
102,21,2
102,24,5
102,7,3
102,8,3
103,19,4
103,16,2
103,13,3
103,25,3
103,3,4
103,8,4
103,4,1
103,14,3
103,11,4
104,13,4
104,8,5
104,7,3
104,22,5
104,14,3
105,3,3
105,21,5
105,8,5
105,2,4
105,17,1
105,19,4
105,11,5
105,12,3
105,4,2
106,5,4
106,22,5
106,21,5
106,9,1
106,24,4
106,3,4
106,7,2
106,12,3
106,17,1
107,4,1
107,24,5
107,1,2
107,7,2
107,10,1
107,14,3
107,25,5
107,23,2
107,17,1
107,18,3
108,10,1
108,15,4
108,23,1
108,1,1
108,22,5
108,19,4
108,21,3
108,5,2
109,7,3
109,17,5
109,19,4
109,21,2
109,14,1
109,6,5
109,18,1
109,15,3
109,16,4
110,17,5
110,16,3
110,12,4
110,23,1
110,2,5
110,9,5
110,10,1
110,13,5
111,9,2
111,21,4
111,14,3
111,7,2
111,6,2
111,24,4
111,2,4
112,15,5
112,6,1
112,8,1
112,17,2
112,14,3
112,25,3
112,11,4
112,1,1
112,13,3
112,23,1
112,22,4
113,11,5
113,5,4
113,6,4
113,16,1
113,2,3
113,20,3
114,21,5
114,10,2
114,23,2
114,2,3
114,20,4
114,5,4
114,14,2
115,18,1
115,3,4
115,10,2
115,4,3
115,7,3
116,12,3
116,9,5
116,10,2
116,18,1
116,5,2
116,15,2
116,13,5
116,6,5
116,21,3
117,11,5
117,24,3
117,4,2
117,22,4
117,3,5
117,7,1
117,14,4
117,5,2
117,10,1
117,9,2
117,23,1
118,14,3
118,22,4
118,19,4
118,23,1
118,10,3
118,2,3
118,21,4
118,8,2
119,18,1
119,10,2
119,17,2
119,20,3
119,16,1
119,22,5
119,25,4
119,23,1
119,6,3
119,19,4
119,4,2
120,21,4
120,23,1
120,16,2
120,20,3
120,24,5
120,25,4
121,9,1
121,18,3
121,1,2
121,14,2
121,19,4
121,11,4
121,25,3
122,21,2
122,1,2
122,12,2
122,23,1
122,17,3
122,22,4
122,7,3
122,14,3
122,3,2
122,2,4
123,22,4
123,3,2
123,23,1
123,21,5
124,13,5
124,4,3
124,18,1
124,2,4
124,10,1
124,6,4
124,21,3
125,12,2
125,10,2
125,25,4
125,16,2
125,3,2
125,4,2
126,17,5
126,21,3
126,6,5
126,12,3
126,25,3
126,16,4
126,18,1
126,1,1
126,20,2
126,7,4
126,3,3
127,10,2
127,3,1
127,25,3
127,22,5
127,1,3
127,12,5
127,19,5
128,25,2
128,20,4
128,14,3
128,10,2
128,2,3
128,23,1
128,1,2
128,3,4
128,22,4
129,8,2
129,12,2
129,14,3
129,15,5
129,9,2
129,22,4
129,7,1
129,21,2
129,6,2
130,13,3
130,21,5
130,17,1
130,5,4
130,3,3
131,2,3
131,19,5
131,6,3
131,20,4
131,22,5
132,15,4
132,25,3
132,23,1
132,19,4
132,6,3
132,1,2
132,3,3
133,22,5
133,20,4
133,2,4
133,8,4
133,1,2
133,9,3
134,25,4
134,8,3
134,15,3
134,24,4
134,13,3
134,9,2
134,21,4
134,6,1
135,8,4
135,9,3
135,10,2
135,19,3
136,23,1
136,7,1
136,24,2
136,19,4
137,13,2
137,1,2
137,8,3
137,10,2
137,20,3
137,15,5
138,15,5
138,8,2
138,3,5
138,25,2
138,12,3
138,2,3
138,6,2
139,6,2
139,7,3
139,20,3
139,10,1
140,19,3
140,7,2
140,20,3
140,8,3
140,16,2
140,25,3
140,5,2
140,17,2
140,9,4
140,3,3
140,12,2
141,4,3
141,3,2
141,8,4
141,12,2
141,18,2
141,2,4
141,23,1
142,5,3
142,16,3
142,4,3
142,20,2
142,6,5
142,24,4
142,18,1
142,19,4
142,13,5
142,11,5
142,10,1
143,19,5
143,11,4
143,3,2
143,2,5
143,1,2
143,12,4
143,20,5
143,5,5
143,10,2
144,6,4
144,7,4
144,21,5
144,8,4
144,3,4
144,23,1
144,10,2
144,17,2
144,16,1
145,11,4
145,16,2
145,8,3
145,14,2
145,24,5
145,6,2
145,25,4
145,2,3
146,16,2
146,24,4
146,4,5
146,3,3
147,25,4
147,1,2
147,23,2
147,20,3
147,12,4
147,19,5
148,19,3
148,18,1
148,17,4
148,3,3
148,16,2
148,15,4
148,2,4
148,6,5
148,25,1
148,11,3
148,1,1
149,6,1
149,13,2
149,7,2
149,17,2
149,1,2
149,21,5
149,20,4
149,11,5
149,2,3
149,4,1
149,3,5
150,10,1
150,17,2
150,25,4
150,23,2
151,19,2
151,4,2
151,23,1
151,24,3
152,10,2
152,18,2
152,1,2
152,13,5
152,3,3
152,4,4
152,19,3
152,11,4
153,19,4
153,5,4
153,9,4
153,1,2
153,12,4
154,22,5
154,20,2
154,21,3
154,15,2
155,15,3
155,20,3
155,13,5
155,7,4
156,16,1
156,6,2
156,15,3
156,14,3
156,21,5
156,5,5
156,7,3
156,20,3
156,2,3
156,9,1
157,18,2
157,8,5
157,1,1
157,24,5
157,20,4
157,25,4
157,15,1
157,16,2
158,4,1
158,18,4
158,25,4
158,21,2
158,9,2
158,1,3
158,6,1
158,3,3
158,17,1
158,19,3
158,5,1
159,16,4
159,5,1
159,25,3
159,18,1
159,24,3
159,19,2
159,10,1
159,8,1
160,25,3
160,14,2
160,18,1
160,10,2
160,20,4
160,15,2
160,19,2
160,22,3
160,3,3
161,25,3
161,5,3
161,17,1
161,7,2
161,3,5
162,14,3
162,23,1
162,25,4
162,19,5
162,6,2
163,13,3
163,8,2
163,10,2
163,20,4
163,9,2
163,4,3
163,3,4
163,18,2
163,24,3
163,5,2
164,16,4
164,19,3
164,8,4
164,2,5
164,25,2
164,6,4
164,10,1
164,14,2
164,23,1
164,1,1
164,15,3
165,9,5
165,2,5
165,23,1
165,14,3
165,24,5
165,20,2
165,22,2
165,10,2
165,4,3
165,3,3
165,1,1
166,21,5
166,8,3
166,2,3
166,6,1
166,14,2
166,4,1
166,11,5
166,10,2
166,19,5
166,18,3
167,14,4
167,21,5
167,25,3
167,3,4
167,20,4
167,4,1
167,16,2
167,13,2
167,15,3
167,18,3
167,9,2
168,5,5
168,21,5
168,20,5
168,6,3
168,18,1
168,10,1
168,3,2
169,8,5
169,15,2
169,4,2
169,16,2
169,1,2
169,13,4
169,2,4
170,3,3
170,5,1
170,22,5
170,2,3
170,9,3
170,1,2
170,10,2
170,13,3
170,21,1
171,11,2
171,21,3
171,24,4
171,5,2
171,10,1
171,6,5
171,18,1
171,3,3
171,1,2
171,17,3
171,16,3
172,18,1
172,15,3
172,1,1
172,4,4
172,6,5
172,25,3
172,9,5
173,2,4
173,22,3
173,19,5
173,23,1
173,18,1
173,20,3
174,20,4
174,13,5
174,22,4
174,8,3
174,25,3
174,14,2
174,2,4
174,15,3
174,1,1
174,12,3
174,3,3
175,4,3
175,25,3
175,24,3
175,6,3
176,2,3
176,15,5
176,5,2
176,19,4
176,3,5
176,18,2
176,16,3
177,7,3
177,25,3
177,2,4
177,9,3
177,18,1
177,16,2
177,4,2
177,22,5
177,13,3
177,5,3
178,2,5
178,1,2
178,7,2
178,17,1
178,10,2
178,11,4
179,18,2
179,20,3
179,25,4
179,4,1
180,9,5
180,20,2
180,21,5
180,19,3
180,1,1
181,18,2
181,19,4
181,24,5
181,25,4
181,17,1
181,4,2
181,1,2
181,11,4
182,7,2
182,9,1
182,1,1
182,3,5
182,19,4
182,8,2
182,5,2
183,11,4
183,7,3
183,12,3
183,4,1
183,23,2
183,19,5
184,23,1
184,21,3
184,13,5
184,16,3
184,8,4
184,22,3
184,12,3
184,14,3
184,18,1
184,20,4
185,18,1
185,24,5
185,12,4
185,4,4
185,5,4
185,16,3
185,22,3
185,19,4
185,21,3
185,2,5
185,23,1
186,2,3
186,7,1
186,13,3
186,25,2
186,18,3
186,22,4
187,17,1
187,7,2
187,11,4
187,15,2
187,12,4
188,3,1
188,4,2
188,21,5
188,14,2
188,18,2
188,16,1
189,8,3
189,6,3
189,4,2
189,21,4
189,12,3
190,10,3
190,11,5
190,5,5
190,1,2
190,16,2
190,2,5
191,10,2
191,18,2
191,24,3
191,7,3
191,21,4
191,25,3
191,5,2
192,11,3
192,7,3
192,2,4
192,17,2
193,15,3
193,12,4
193,4,2
193,24,4
193,2,5
193,21,5
193,20,4
193,6,4
193,23,2
193,5,4
193,14,2
194,25,3
194,24,3
194,7,2
194,11,5
194,1,2
194,2,4
194,9,1
194,20,3
194,10,2
194,23,2
195,25,3
195,2,4
195,13,3
195,4,2
195,23,1
195,16,3
195,15,4
195,7,1
196,24,3
196,5,2
196,8,2
196,17,3
196,16,3
196,9,3
197,23,1
197,16,1
197,6,2
197,4,1
197,2,2
197,5,5
197,8,5
197,13,3
198,9,3
198,22,5
198,5,2
198,4,2
198,3,4
198,24,2
198,17,2
198,8,2
198,21,2
198,11,5
199,13,2
199,19,3
199,10,2
199,7,3
199,6,1
200,9,4
200,8,4
200,20,3
200,15,4
200,5,3
200,14,2
200,12,2
200,16,3
200,24,4
200,3,5
200,2,5
201,11,5
201,3,5
201,10,1
201,15,5
201,9,2
201,4,1
201,8,1
202,18,1
202,8,4
202,9,4
202,21,4
202,19,3
202,7,3
202,10,1
202,20,3
203,18,4
203,6,1
203,19,2
203,17,2
203,8,1
203,15,4
204,3,5
204,24,3
204,16,4
204,4,1
204,19,4
204,25,2
204,14,2
205,5,5
205,3,3
205,17,1
205,2,3
205,6,3
205,20,5
205,23,1
205,4,1
206,5,5
206,1,2
206,20,3
206,3,3
207,22,4
207,12,2
207,15,5
207,16,3
207,6,3
207,7,3
207,23,1
207,9,4
207,14,3
207,17,3
208,15,2
208,10,1
208,7,3
208,22,5
208,1,2
208,13,4
208,20,3
208,19,5
209,18,2
209,8,4
209,11,4
209,6,4
209,3,3
209,4,3
209,1,3
209,24,4
209,12,4
209,14,2
210,8,4
210,2,3
210,10,1
210,13,4
210,12,3
211,25,2
211,8,3
211,1,1
211,13,3
211,10,3
211,3,5
211,23,1
211,14,3
211,12,3
211,4,1
212,11,5
212,21,3
212,5,2
212,10,1
212,19,3
213,3,5
213,24,2
213,10,2
213,15,5
213,6,2
213,23,1
213,7,1
213,22,4
213,11,5
214,7,4
214,13,5
214,16,2
214,22,4
215,8,2
215,11,2
215,16,3
215,15,4
215,5,1
216,4,3
216,23,1
216,9,4
216,25,4
216,14,2
216,7,4
216,15,3
216,20,3
217,1,2
217,19,3
217,11,5
217,2,4
217,3,3
217,21,4
217,23,1
217,5,4
217,18,2
217,17,2
218,23,1
218,1,3
218,15,4
218,11,5
218,2,4
218,19,4
218,20,4
218,17,2
218,18,1
218,8,2
219,17,5
219,25,3
219,16,3
219,3,4
219,12,4
220,25,3
220,1,2
220,22,4
220,5,4
220,16,1
221,12,2
221,23,2
221,4,3
221,2,5
221,22,5
221,10,1
221,13,4
221,15,5
221,17,2
221,9,3
221,8,2
222,19,2
222,6,4
222,20,3
222,16,3
222,4,4
222,22,4
222,18,2
222,24,5
222,21,3
222,8,3
223,9,5
223,14,2
223,8,2
223,11,3
224,14,2
224,9,4
224,22,4
224,16,2
224,8,5
224,23,1
224,2,4
224,7,3
224,25,2
225,12,1
225,24,3
225,1,2
225,6,1
225,9,3
225,3,4
225,15,5
226,6,2
226,4,4
226,8,2
226,15,4
226,14,1
226,19,3
226,13,3
226,7,2
226,23,2
227,16,1
227,12,3
227,14,4
227,20,3
228,11,3
228,7,3
228,3,3
228,25,3
228,5,2
228,14,2
228,24,5
228,19,3
229,2,4
229,5,1
229,12,1
229,22,4
229,15,5
229,23,1
229,16,2
229,10,2
229,8,2
229,19,2
230,2,5
230,3,3
230,9,5
230,18,1
230,15,3
230,25,3
230,22,2
230,4,4
230,17,5
231,19,4
231,25,3
231,9,1
231,17,2
231,3,5
231,7,1
231,6,2
231,24,3
231,13,2
231,16,2
231,1,1
232,9,3
232,18,1
232,6,5
232,13,5
232,16,2
232,12,3
232,23,2
232,15,4
232,3,4
233,25,3
233,23,1
233,2,5
233,21,5
233,3,2
233,18,2
233,5,4
233,6,5
233,7,3
233,20,3
234,14,3
234,19,4
234,3,5
234,13,3
234,2,3
234,18,2
234,20,4
234,6,2
234,1,1
234,8,2
234,16,2
235,2,4
235,20,2
235,24,4
235,7,3
235,3,4
235,11,5
235,25,3
235,19,3
235,12,3
236,6,3
236,2,4
236,1,2
236,9,4
236,18,1
237,17,1
237,12,4
237,19,5
237,9,1
238,5,3
238,12,2
238,6,4
238,18,2
238,20,3
238,17,2
238,15,3
238,19,3
239,23,1
239,7,4
239,18,1
239,6,5
240,7,4
240,21,5
240,24,5
240,4,3
240,3,2
240,19,4
240,1,1
240,15,3
240,22,3
240,9,5
241,18,1
241,13,5
241,6,5
241,12,4
241,7,4
242,15,5
242,11,5
242,14,4
242,8,2
243,15,3
243,19,3
243,7,4
243,1,1
244,22,5
244,16,3
244,10,2
244,3,5
244,18,3
244,8,2
245,2,2
245,20,4
245,5,5
245,9,1
245,21,5
245,8,5
245,15,1
246,22,5
246,6,1
246,15,4
246,19,3
246,14,2
247,16,3
247,8,3
247,5,3
247,3,3
247,23,1
248,2,5
248,16,3
248,25,4
248,3,3
248,9,4
248,21,3
248,19,3
248,7,4
248,13,5
248,23,1
249,3,2
249,11,5
249,15,1
249,17,1
249,5,5
249,6,2
250,6,1
250,23,1
250,14,3
250,9,1
251,21,4
251,19,4
251,22,4
251,12,3
251,4,1
252,23,1
252,20,3
252,7,1
252,2,3
253,22,5
253,19,2
253,11,3
253,3,5
253,20,3
253,6,2
254,14,3
254,13,3
254,2,2
254,6,2
254,18,3
254,1,3
255,5,1
255,11,3
255,3,2
255,1,3
255,18,1
255,22,3
255,16,3
255,25,4
256,2,5
256,13,3
256,10,2
256,8,3
256,7,3
256,20,3
256,11,5
257,10,2
257,5,3
257,11,5
257,6,3
257,15,4
257,2,4
257,16,4
257,14,3
257,7,2
257,23,1
258,12,4
258,18,1
258,1,1
258,22,4
259,11,4
259,23,1
259,4,2
259,24,5
259,5,4
259,7,4
259,12,4
260,3,2
260,15,2
260,22,4
260,14,3
261,3,4
261,19,1
261,10,1
261,4,3
261,18,2
261,1,1
261,5,1
261,20,3
261,16,3
262,13,5
262,10,2
262,5,4
262,16,2
262,4,3
262,9,4
262,12,3
262,22,4
262,2,5
262,18,2
263,7,2
263,10,2
263,15,5
263,19,4
263,8,1
263,6,1
263,2,3
263,24,3
263,23,1
263,3,5
264,23,2
264,2,4
264,3,3
264,22,5
264,18,2
264,16,2
264,6,3
264,15,2
264,11,5
264,17,1
264,13,3
265,22,3
265,21,3
265,19,3
265,3,4
265,11,4
265,5,2
265,14,2
265,13,5
265,17,5
266,19,4
266,24,4
266,8,4
266,2,3
266,9,2
266,25,3
266,7,3
266,23,1
266,11,5
266,14,3
267,10,1
267,9,3
267,20,3
267,2,4
267,24,3
267,11,5
267,12,1
267,1,2
267,13,3
267,16,3
267,15,5
268,7,3
268,21,2
268,15,3
268,1,2
268,17,5
268,10,2
268,12,2
268,22,3
268,4,4
269,7,3
269,6,5
269,10,2
269,9,4
269,23,1
269,4,2
269,1,1
269,13,5
270,19,3
270,5,2
270,3,5
270,22,5
270,23,1
270,11,5
270,10,2
270,13,3
271,4,4
271,15,3
271,2,5
271,14,1
271,16,3
271,24,4
271,8,3
272,25,4
272,11,4
272,5,5
272,18,2
272,14,3
272,7,3
272,17,1
272,10,2
272,6,2
272,22,5
272,24,5
273,4,1
273,15,5
273,1,1
273,23,1
273,12,3
273,10,2
273,13,3
273,16,2
273,5,1
273,9,2
273,3,5
274,23,2
274,4,1
274,14,3
274,20,3
274,16,1
274,2,3
275,21,5
275,16,2
275,3,2
275,4,1
275,24,5
275,11,5
276,17,3
276,22,5
276,21,1
276,15,3
276,24,4
276,6,4
276,2,5
276,16,3
277,21,5
277,14,2
277,19,5
277,4,1
277,24,4
277,10,2
277,3,3
277,7,3
277,8,5
278,19,4
278,20,3
278,6,5
278,4,1
278,24,5
278,8,5
278,16,1
278,21,5
278,5,5
278,15,2
279,6,4
279,7,4
279,1,3
279,19,5
280,9,5
280,18,1
280,19,4
280,14,2
280,22,3
280,20,2
280,8,4
281,19,4
281,18,1
281,3,3
281,9,5
281,2,5
281,24,5
281,25,3
281,15,2
281,12,4
282,8,2
282,22,5
282,1,1
282,25,3
282,18,2
283,7,4
283,10,2
283,14,2
283,19,3
283,3,3
283,17,3
283,18,2
283,8,4
284,1,1
284,17,4
284,10,2
284,22,3
284,7,3
284,11,5
284,18,2
284,21,4
284,12,3
284,14,1
285,12,3
285,21,3
285,18,2
285,11,5
285,9,2
285,16,3
285,17,3
285,15,5
285,10,2
285,3,5
286,9,3
286,2,4
286,7,2
286,4,2
286,15,4
286,13,4
287,22,5
287,12,2
287,14,3
287,1,2
287,7,2
287,11,5
288,11,4
288,13,4
288,7,2
288,4,2
288,21,2
288,2,3
289,4,2
289,20,4
289,6,5
289,7,3
290,4,1
290,20,3
290,23,1
290,22,5
290,6,3
291,12,5
291,25,4
291,23,2
291,1,3
291,19,4
291,8,5
291,6,4
291,4,2
291,10,2
291,3,2
292,5,3
292,17,1
292,14,2
292,9,5
292,6,5
292,8,4
292,20,3
292,15,2
292,3,3
292,24,5
293,2,4
293,5,2
293,3,4
293,19,4
293,17,1
293,18,2
293,4,2
293,11,3
293,1,2
293,16,2
293,25,3
294,5,4
294,21,5
294,7,3
294,9,2
294,1,2
295,4,1
295,25,2
295,19,4
295,24,2
295,15,5
295,11,5
296,15,3
296,17,2
296,3,3
296,7,2
297,6,1
297,25,3
297,7,3
297,18,2
297,17,1
297,4,1
297,11,5
297,13,3
297,2,3
297,21,5
297,19,5
298,20,4
298,16,2
298,11,5
298,4,1
298,24,2
298,15,5
298,3,5
298,18,3
298,23,1
299,20,3
299,17,3
299,9,4
299,2,5
299,6,5
300,18,2
300,20,4
300,2,3
300,4,2
300,23,1
300,17,2
300,13,3
